,﻿一,イチ、イツ、ひと、ひと-つ,2,2
8,丁,チョウ、テイ,2,0
10,七,シチ、なな、なな-つ、[なの],1,3
9,万,マン、バン,2,0
4,丈,ジョウ、たけ,1,1
10,三,サン、み、み-つ、みっ-つ,1,3
10,上,ジョウ、[ショウ]、うえ、[うわ]、かみ、あ-げる、あ-がる、のぼ-る、のぼ-せる、のぼ-す,2,8
10,下,カ、ゲ、した、しも、もと、さ-げる、さ-がる、くだ-る、くだ-す、くだ-さる、お-ろす、お-りる,2,10
7,不,フ、ブ,2,0
4,与,ヨ、あた-える,1,1
2.5,且,か-つ,0,1
8,世,セイ、セ、よ,2,1
4,丘,キュウ、おか,1,1
2.5,丙,ヘイ,1,0
8,両,リョウ,1,0
5,並,ヘイ、なみ、なら-べる、なら-ぶ、なら-びに,1,4
10,中,チュウ、[ジュウ]、なか,1,1
2,串,くし,0,1
9,丸,ガン、まる、まる-い、まる-める,1,3
4,丹,タン,1,0
8,主,シュ、[ス]、ぬし、おも,2,2
2,丼,どんぶり、[どん],0,2
6,久,キュウ、[ク]、ひさ-しい,2,1
3,乏,ボウ、とぼ-しい,1,1
8,乗,ジョウ、の-る、の-せる,1,2
3,乙,オツ,1,0
10,九,キュウ、ク、ここの、ここの-つ,2,2
2,乞,こ-う,0,1
5,乱,ラン、みだ-れる、みだ-す,1,2
5,乳,ニュウ、ちち、ち,1,2
4,乾,カン、かわ-く、かわ-かす,1,2
2,亀,キ、かめ,1,1
3,了,リョウ,1,0
8,予,ヨ,1,0
7,争,ソウ、あらそ-う,1,1
8,事,ジ、[ズ]、こと,2,1
10,二,ニ、ふた、ふた-つ,1,2
4,互,ゴ、たが-い,1,1
10,五,ゴ、いつ、いつ-つ,1,2
7,井,セイ、[ショウ]、い,2,1
2.5,亜,ア,1,0
5,亡,ボウ、[モウ]、な-い,2,1
9,交,コウ、まじ-わる、まじ-える、ま-じる、ま-ざる、ま-ぜる、か-う、か-わす,1,7
2.5,享,キョウ,1,0
9,京,キョウ、ケイ,2,0
2.5,亭,テイ,1,0
10,人,ジン、ニン、ひと,2,1
5,仁,ジン、[ニ],2,0
9,今,コン、キン、いま,2,1
4,介,カイ,1,0
6,仏,ブツ、ほとけ,1,1
8,仕,シ、[ジ]、つか-える,2,1
8,他,タ、ほか,1,1
7,付,フ、つ-ける、つ-く,1,2
2.5,仙,セン,1,0
8,代,ダイ、タイ、か-わる、か-える、よ、しろ,2,4
7,令,レイ,1,0
7,以,イ,1,0
6,仮,カ、[ケ]、かり,2,1
4,仰,ギョウ、[コウ]、あお-ぐ、おお-せ,2,2
7,仲,チュウ、なか,1,1
6,件,ケン,1,0
6,任,ニン、まか-せる、まか-す,1,2
3,企,キ、くわだ-てる,1,1
2,伎,キ,1,0
3,伏,フク、ふ-せる、ふ-す,1,2
3,伐,バツ,1,0
10,休,キュウ、やす-む、やす-まる、やす-める,1,3
9,会,カイ、エ、あ-う,2,1
7,伝,デン、つた-わる、つた-える、つた-う,1,3
2.5,伯,ハク,1,0
3,伴,ハン、バン、ともな-う,2,1
3,伸,シン、の-びる、の-ばす、の-べる,1,3
4,伺,シ、うかが-う,1,1
6,似,ジ、に-る,1,1
2.5,但,ただ-し,0,1
7,位,イ、くらい,1,1
7,低,テイ、ひく-い、ひく-める、ひく-まる,1,3
8,住,ジュウ、す-む、す-まう,1,2
7,佐,サ,1,0
9,体,タイ、テイ、からだ,2,1
9,何,カ、なに、[なん],1,2
6,余,ヨ、あま-る、あま-す,1,2
9,作,サク、サ、つく-る,2,1
3,佳,カ,1,0
2.5,併,ヘイ、あわ-せる,1,1
8,使,シ、つか-う,1,1
7,例,レイ、たと-える,1,1
3,侍,ジ、さむらい,1,1
5,供,キョウ、[ク]、そな-える、とも,2,2
4,依,イ、[エ],2,0
6,価,カ、あたい,1,1
2.5,侮,ブ、あなど-る,1,1
2.5,侯,コウ,1,0
4,侵,シン、おか-す,1,1
2,侶,リョ,1,0
7,便,ベン、ビン、たよ-り,2,1
8,係,ケイ、かか-る、かかり,1,2
3,促,ソク、うなが-す,1,1
2.5,俊,シュン,1,0
4,俗,ゾク,1,0
6,保,ホ、たも-つ,1,1
7,信,シン,1,0
6,修,シュウ、[シュ]、おさ-める、おさ-まる,2,2
5,俳,ハイ,1,0
5,俵,ヒョウ、たわら,1,1
2.5,俸,ホウ,1,0
2,俺,おれ,0,1
7,倉,ソウ、くら,1,1
6,個,コ,1,0
8,倍,バイ,1,0
4,倒,トウ、たお-れる、たお-す,1,2
7,候,コウ、そうろう,1,1
7,借,シャク、か-りる,1,1
3,倣,ホウ、なら-う,1,1
5,値,チ、ね、あたい,1,2
2.5,倫,リン,1,0
3,倹,ケン,1,0
4,偉,イ、えら-い,1,1
2.5,偏,ヘン、かたよ-る,1,1
6,停,テイ,1,0
7,健,ケン、すこ-やか,1,1
7,側,ソク、がわ,1,1
2.5,偵,テイ,1,0
3,偶,グウ,1,0
2.5,偽,ギ、いつわ-る、にせ,1,2
4,傍,ボウ、かたわ-ら,1,1
2.5,傑,ケツ,1,0
2.5,傘,サン、かさ,1,1
6,備,ビ、そな-える、そな-わる,1,2
3,催,サイ、もよお-す,1,1
2,傲,ゴウ,1,0
3,債,サイ,1,0
5,傷,ショウ、きず、いた-む、いた-める,1,3
4,傾,ケイ、かたむ-く、かたむ-ける,1,2
2,僅,キン、わず-か,1,1
7,働,ドウ、はたら-く,1,1
6,像,ゾウ,1,0
2.5,僕,ボク,1,0
2.5,僚,リョウ,1,0
4,僧,ソウ,1,0
4,儀,ギ,1,0
7,億,オク,1,0
2.5,儒,ジュ,1,0
2.5,償,ショウ、つぐな-う,1,1
5,優,ユウ、やさ-しい、すぐ-れる,1,2
9,元,ゲン、ガン、もと,2,1
9,兄,ケイ、[キョウ]、あに,2,1
2.5,充,ジュウ、あ-てる,1,1
7,兆,チョウ、きざ-す、きざ-し,1,2
10,先,セン、さき,1,1
9,光,コウ、ひか-る、ひかり,1,2
3,克,コク,1,0
3,免,メン、まぬか-れる,1,1
7,児,ジ、[ニ],2,0
5,党,トウ,1,0
10,入,ニュウ、い-る、い-れる、はい-る,1,3
8,全,ゼン、まった-く、すべ-て,1,2
10,八,ハチ、や、や-つ、やっ-つ、[よう],1,4
9,公,コウ、おおやけ,1,1
10,六,ロク、む、む-つ、むっ-つ、[むい],1,4
7,共,キョウ、とも,1,1
7,兵,ヘイ、ヒョウ,2,0
8,具,グ,1,0
7,典,テン,1,0
4,兼,ケン、か-ねる,1,1
9,内,ナイ、[ダイ]、うち,2,1
10,円,エン、まる-い,1,1
5,冊,サツ、サク,2,0
6,再,サイ、[サ]、ふたた-び,2,1
4,冒,ボウ、おか-す,1,1
3,冗,ジョウ,1,0
8,写,シャ、うつ-す、うつ-る,1,2
3,冠,カン、かんむり,1,1
2,冥,メイ、ミョウ,2,0
9,冬,トウ、ふゆ,1,1
2,冶,ヤ,1,0
7,冷,レイ、つめ-たい、ひ-える、ひ-や、ひ-やす、ひ-やかす、さ-める、さ-ます,1,7
2,凄,セイ,1,0
2.5,准,ジュン,1,0
3,凍,トウ、こお-る、こご-える,1,2
3,凝,ギョウ、こ-る、こ-らす,1,2
4,凡,ボン、[ハン],2,0
5,処,ショ,1,0
4,凶,キョウ,1,0
2.5,凸,トツ,1,0
2.5,凹,オウ,1,0
10,出,シュツ、[スイ]、で-る、だ-す,2,2
9,刀,トウ、かたな,1,1
2.5,刃,ジン、は,1,1
9,分,ブン、フン、ブ、わ-ける、わ-かれる、わ-かる、わ-かつ,3,4
9,切,セツ、[サイ]、き-る、き-れる,2,2
4,刈,か-る,0,1
6,刊,カン,1,0
3,刑,ケイ,1,0
8,列,レツ,1,0
7,初,ショ、はじ-め、はじ-めて、はつ、うい、そ-める,1,5
6,判,ハン、バン,2,0
7,別,ベツ、わか-れる,1,1
7,利,リ、き-く,1,1
4,到,トウ,1,0
6,制,セイ,1,0
7,刷,サツ、す-る,1,1
5,券,ケン,1,0
2,刹,サツ、セツ,2,0
4,刺,シ、さ-す、さ-さる,1,2
5,刻,コク、きざ-む,1,1
6,則,ソク,1,0
3,削,サク、けず-る,1,1
9,前,ゼン、まえ,1,1
2.5,剖,ボウ,1,0
2.5,剛,ゴウ,1,0
4,剣,ケン、つるぎ,1,1
4,剤,ザイ,1,0
2,剥,ハク、は-がす、は-ぐ、は-がれる、は-げる,1,4
7,副,フク,1,0
2.5,剰,ジョウ,1,0
5,割,カツ、わ-る、わり、わ-れる、さ-く,1,4
5,創,ソウ、つく-る,1,1
5,劇,ゲキ,1,0
10,力,リョク、リキ、ちから,2,1
7,功,コウ、[ク],2,0
7,加,カ、くわ-える、くわ-わる,2,2
4,劣,レツ、おと-る,1,1
8,助,ジョ、たす-ける、たす-かる、すけ,1,3
7,努,ド、つと-める,1,1
3,励,レイ、はげ-む、はげ-ます,1,2
7,労,ロウ,1,0
6,効,コウ、き-く,1,1
2.5,劾,ガイ,1,0
2,勃,ボツ,1,0
2.5,勅,チョク,1,0
7,勇,ユウ、いさ-む,1,1
8,勉,ベン,1,0
8,動,ドウ、うご-く、うご-かす,1,2
3,勘,カン,1,0
6,務,ム、つと-める、つと-まる,1,2
8,勝,ショウ、か-つ、まさ-る,1,2
3,募,ボ、つの-る,1,1
6,勢,セイ、いきお-い,1,1
5,勤,キン、[ゴン]、つと-める、つと-まる,2,2
4,勧,カン、すす-める,1,1
2.5,勲,クン,1,0
2,勾,コウ,1,0
2,匂,にお-う,0,1
7,包,ホウ、つつ-む,1,1
8,化,カ、ケ、ば-ける、ば-かす,2,2
9,北,ホク、きた,1,1
3,匠,ショウ,1,0
4,匹,ヒツ、ひき,1,1
8,区,ク,1,0
8,医,イ,1,0
3,匿,トク,1,0
10,十,ジュウ、ジッ、とお、と,2,2
10,千,セン、ち,1,1
2.5,升,ショウ、ます,1,1
9,午,ゴ,1,0
9,半,ハン、なか-ば,1,1
3,卑,ヒ、いや-しい、いや-しむ、いや-しめる,1,3
7,卒,ソツ,1,0
3,卓,タク,1,0
7,協,キョウ,1,0
9,南,ナン、[ナ]、みなみ,2,1
7,単,タン,1,0
7,博,ハク、[バク],2,0
4,占,セン、し-める、うらな-う,1,2
7,印,イン、しるし,1,1
5,危,キ、あぶ-ない、あや-うい、あや-ぶむ,1,3
4,即,ソク,1,0
4,却,キャク,1,0
5,卵,ラン、たまご,1,1
3,卸,おろ-す、おろし,0,2
2.5,厄,ヤク,1,0
3,厘,リン,1,0
6,厚,コウ、あつ-い,1,1
9,原,ゲン、はら,1,1
5,厳,ゲン、[ゴン]、おごそ-か、きび-しい,2,2
8,去,キョ、コ、さ-る,2,1
7,参,サン、まい-る,1,1
3,又,また,0,1
4,及,キュウ、およ-ぶ、およ-び、およ-ぼす,1,3
9,友,ユウ、とも,1,1
3,双,ソウ、ふた,1,1
8,反,ハン、[ホン]、[タン]、そ-る、そ-らす,3,2
5,収,シュウ、おさ-める、おさ-まる,1,2
2.5,叔,シュク,1,0
8,取,シュ、と-る,1,1
8,受,ジュ、う-ける、う-かる,1,2
2.5,叙,ジョ,1,0
10,口,コウ、ク、くち,2,1
9,古,コ、ふる-い、ふる-す,1,2
6,句,ク,1,0
4,叫,キョウ、さけ-ぶ,1,1
4,召,ショウ、め-す,1,1
6,可,カ,1,0
9,台,ダイ、タイ,2,0
2,叱,シツ、しか-る,1,1
6,史,シ,1,0
10,右,ウ、ユウ、みぎ,2,1
8,号,ゴウ,1,0
7,司,シ,1,0
7,各,カク、おのおの,1,1
9,合,ゴウ、ガッ、[カッ]、あ-う、あ-わす、あ-わせる,3,3
3,吉,キチ、キツ,2,0
9,同,ドウ、おな-じ,1,1
10,名,メイ、ミョウ、な,2,1
5,后,コウ,1,0
3,吏,リ,1,0
4,吐,ト、は-く,1,1
8,向,コウ、む-く、む-ける、む-かう、む-こう,1,4
8,君,クン、きみ,1,1
2.5,吟,ギン,1,0
5,否,ヒ、いな,1,1
4,含,ガン、ふく-む、ふく-める,1,2
5,吸,キュウ、す-う,1,1
4,吹,スイ、ふ-く,1,1
2,呂,ロ,1,0
2.5,呈,テイ,1,0
2.5,呉,ゴ,1,0
6,告,コク、つ-げる,1,1
7,周,シュウ、まわ-り,1,1
2,呪,ジュ、のろ-う,1,1
8,味,ミ、あじ、あじ-わう,1,2
5,呼,コ、よ-ぶ,1,1
8,命,メイ、ミョウ、いのち,2,1
8,和,ワ、[オ]、やわ-らぐ、やわ-らげる、なご-む、なご-やか,2,4
4,咲,さ-く,0,1
2,咽,イン,1,0
3,哀,アイ、あわ-れ、あわ-れむ,1,2
8,品,ヒン、しな,1,1
8,員,イン,1,0
3,哲,テツ,1,0
2,哺,ホ,1,0
2,唄,[うた],0,1
2.5,唆,サ、そそのか-す,1,1
2.5,唇,シン、くちびる,1,1
4,唐,トウ、から,1,1
2.5,唯,ユイ、[イ],2,0
7,唱,ショウ、とな-える,1,1
2,唾,ダ、つば,1,1
8,商,ショウ、あきな-う,1,1
8,問,モン、と-う、と-い、[とん],1,3
3,啓,ケイ,1,0
5,善,ゼン、よ-い,1,1
2,喉,コウ、のど,1,1
3,喚,カン,1,0
6,喜,キ、よろこ-ぶ,1,1
2.5,喝,カツ,1,0
2,喩,ユ,1,0
2.5,喪,ソウ、も,1,1
3,喫,キツ,1,0
6,営,エイ、いとな-む,1,1
2,嗅,キュウ、か-ぐ,1,1
2.5,嗣,シ,1,0
4,嘆,タン、なげ-く、なげ-かわしい,1,2
3,嘱,ショク,1,0
2,嘲,チョウ、あざけ-る,1,1
7,器,キ、うつわ,1,1
4,噴,フン、ふ-く,1,1
2.5,嚇,カク,1,0
2.5,囚,シュウ,1,0
10,四,シ、よ、よ-つ、よっ-つ、よん,1,4
9,回,カイ、[エ]、まわ-る、まわ-す,2,2
6,因,イン、よ-る,1,1
6,団,ダン、[トン],2,0
5,困,コン、こま-る,1,1
6,囲,イ、かこ-む、かこ-う,1,2
9,図,ズ、ト、はか-る,2,1
7,固,コ、かた-める、かた-まる、かた-い,1,3
9,国,コク、くに,1,1
4,圏,ケン,1,0
9,園,エン、その,1,1
10,土,ド、ト、つち,2,1
6,圧,アツ,1,0
6,在,ザイ、あ-る,1,1
9,地,チ、ジ,2,0
8,坂,ハン、さか,1,1
6,均,キン,1,0
4,坊,ボウ、[ボッ],2,0
3,坑,コウ,1,0
2.5,坪,つぼ,0,1
5,垂,スイ、た-れる、た-らす,1,2
6,型,ケイ、かた,1,1
2.5,垣,かき,0,1
3,埋,マイ、う-める、う-まる、う-もれる,1,3
7,城,ジョウ、しろ,1,1
5,域,イキ,1,0
4,執,シツ、シュウ、と-る,2,1
2.5,培,バイ、つちか-う,1,1
6,基,キ、もと、もとい,1,2
7,埼,[さい],0,1
2.5,堀,ほり,0,1
6,堂,ドウ,1,0
4,堅,ケン、かた-い,1,1
2,堆,タイ,1,0
2.5,堕,ダ,1,0
4,堤,テイ、つつみ,1,1
2.5,堪,カン、た-える,1,1
6,報,ホウ、むく-いる,1,1
9,場,ジョウ、ば,1,1
2.5,塀,ヘイ,1,0
2.5,塁,ルイ,1,0
3,塊,カイ、かたまり,1,1
2.5,塑,ソ,1,0
4,塔,トウ,1,0
3,塗,ト、ぬ-る,1,1
2.5,塚,つか,0,1
2,塞,サイ、ソク、ふさ-ぐ、ふさ-がる,2,2
7,塩,エン、しお,1,1
2,填,テン,1,0
2.5,塾,ジュク,1,0
6,境,キョウ、[ケイ]、さかい,2,1
6,墓,ボ、はか,1,1
6,増,ゾウ、ま-す、ふ-える、ふ-やす,1,3
3,墜,ツイ,1,0
3,墨,ボク、すみ,1,1
3,墳,フン,1,0
3,墾,コン,1,0
4,壁,ヘキ、かべ,1,1
3,壇,ダン、[タン],2,0
4,壊,カイ、こわ-す、こわ-れる,1,2
2.5,壌,ジョウ,1,0
6,士,シ,1,0
2.5,壮,ソウ,1,0
9,声,セイ、[ショウ]、こえ、[こわ],2,2
4,壱,イチ,1,0
9,売,バイ、う-る、う-れる,1,2
7,変,ヘン、か-わる、か-える,1,2
9,夏,カ、[ゲ]、なつ,2,1
10,夕,セキ、ゆう,1,1
9,外,ガイ、ゲ、そと、ほか、はず-す、はず-れる,2,4
9,多,タ、おお-い,1,1
9,夜,ヤ、よ、よる,1,2
6,夢,ム、ゆめ,1,1
10,大,ダイ、タイ、おお、おお-きい、おお-いに,2,3
10,天,テン、あめ、[あま],1,2
9,太,タイ、タ、ふと-い、ふと-る,2,2
7,夫,フ、[フウ]、おっと,2,1
8,央,オウ,1,0
7,失,シツ、うしな-う,1,1
4,奇,キ,1,0
7,奈,ナ,1,0
3,奉,ホウ、[ブ]、たてまつ-る,2,1
5,奏,ソウ、かな-でる,1,1
3,契,ケイ、ちぎ-る,1,1
2.5,奔,ホン,1,0
4,奥,オウ、おく,1,1
2.5,奨,ショウ,1,0
3,奪,ダツ、うば-う,1,1
5,奮,フン、ふる-う,1,1
10,女,ジョ、ニョ、[ニョウ]、おんな、め,3,2
4,奴,ド,1,0
7,好,コウ、この-む、す-く,1,2
3,如,ジョ、ニョ,2,0
2.5,妃,ヒ,1,0
2.5,妄,モウ、ボウ,2,0
2.5,妊,ニン,1,0
2,妖,ヨウ、あや-しい,1,1
4,妙,ミョウ,1,0
2.5,妥,ダ,1,0
3,妨,ボウ、さまた-げる,1,1
2,妬,ト、ねた-む,1,1
9,妹,マイ、いもうと,1,1
6,妻,サイ、つま,1,1
9,姉,シ、あね,1,1
8,始,シ、はじ-める、はじ-まる,1,2
4,姓,セイ、ショウ,2,0
8,委,イ、ゆだ-ねる,1,1
3,姫,ひめ,0,1
2.5,姻,イン,1,0
5,姿,シ、すがた,1,1
4,威,イ,1,0
4,娘,むすめ,0,1
2.5,娠,シン,1,0
3,娯,ゴ,1,0
3,婆,バ,1,0
4,婚,コン,1,0
6,婦,フ,1,0
3,婿,セイ、むこ,1,1
2.5,媒,バイ,1,0
7,媛,エン,1,0
3,嫁,カ、よめ、とつ-ぐ,1,2
2,嫉,シツ,1,0
2.5,嫌,ケン、[ゲン]、きら-う、いや,2,2
2.5,嫡,チャク,1,0
3,嬢,ジョウ,1,0
10,子,シ、ス、こ,2,1
3,孔,コウ,1,0
10,字,ジ、あざ,1,1
5,存,ソン、ゾン,2,0
5,孝,コウ,1,0
7,季,キ,1,0
3,孤,コ,1,0
10,学,ガク、まな-ぶ,1,1
7,孫,ソン、まご,1,1
5,宅,タク,1,0
5,宇,ウ,1,0
8,守,シュ、[ス]、まも-る、も-り,2,2
8,安,アン、やす-い,1,1
7,完,カン,1,0
5,宗,シュウ、ソウ,2,0
7,官,カン,1,0
5,宙,チュウ,1,0
8,定,テイ、ジョウ、さだ-める、さだ-まる、さだ-か,2,3
2,宛,あ-てる,0,1
2.5,宜,ギ,1,0
5,宝,ホウ、たから,1,1
8,実,ジツ、み、みの-る,1,2
8,客,キャク、カク,2,0
5,宣,セン,1,0
9,室,シツ、むろ,1,1
8,宮,キュウ、グウ、[ク]、みや,3,1
2.5,宰,サイ,1,0
7,害,ガイ,1,0
3,宴,エン,1,0
2.5,宵,ショウ、よい,1,1
9,家,カ、ケ、いえ、や,2,2
6,容,ヨウ,1,0
8,宿,シュク、やど、やど-る、やど-す,1,3
4,寂,ジャク、[セキ]、さび、さび-しい、さび-れる,2,3
6,寄,キ、よ-る、よ-せる,1,2
5,密,ミツ,1,0
7,富,フ、[フウ]、と-む、とみ,2,2
8,寒,カン、さむ-い,1,1
2.5,寛,カン,1,0
4,寝,シン、ね-る、ね-かす,1,2
7,察,サツ,1,0
2.5,寡,カ,1,0
2.5,寧,ネイ,1,0
3,審,シン,1,0
2.5,寮,リョウ,1,0
5,寸,スン,1,0
9,寺,ジ、てら,1,1
8,対,タイ、ツイ,2,0
3,寿,ジュ、ことぶき,1,1
3,封,フウ、ホウ,2,0
5,専,セン、もっぱ-ら,1,1
5,射,シャ、い-る,1,1
5,将,ショウ,1,0
2.5,尉,イ,1,0
5,尊,ソン、たっと-い、とうと-い、たっと-ぶ、とうと-ぶ,1,4
4,尋,ジン、たず-ねる,1,1
6,導,ドウ、みちび-く,1,1
10,小,ショウ、ちい-さい、こ、お,1,3
9,少,ショウ、すく-ない、すこ-し,1,2
2.5,尚,ショウ,1,0
5,就,シュウ、[ジュ]、つ-く、つ-ける,2,2
5,尺,シャク,1,0
2,尻,しり,0,1
2.5,尼,ニ、あま,1,1
4,尽,ジン、つ-くす、つ-きる、つ-かす,1,3
4,尾,ビ、お,1,1
3,尿,ニョウ,1,0
8,局,キョク,1,0
6,居,キョ、い-る,1,1
4,屈,クツ,1,0
5,届,とど-ける、とど-く,0,2
8,屋,オク、や,1,1
5,展,テン,1,0
6,属,ゾク,1,0
5,層,ソウ,1,0
2.5,履,リ、は-く,1,1
2.5,屯,トン,1,0
10,山,サン、やま,1,1
7,岐,キ,1,0
7,岡,[おか],0,1
9,岩,ガン、いわ,1,1
2.5,岬,みさき,0,1
3,岳,ガク、たけ,1,1
8,岸,ガン、きし,1,1
4,峠,とうげ,0,1
3,峡,キョウ,1,0
4,峰,ホウ、みね,1,1
8,島,トウ、しま,1,1
2.5,崇,スウ,1,0
7,崎,さき,0,1
2,崖,ガイ、がけ,1,1
3,崩,ホウ、くず-れる、くず-す,1,2
2,嵐,あらし,0,1
10,川,セン、かわ,1,1
8,州,シュウ、す,1,1
4,巡,ジュン、めぐ-る,1,1
7,巣,ソウ、す,1,1
9,工,コウ、ク,2,0
10,左,サ、ひだり,1,1
3,巧,コウ、たく-み,1,1
4,巨,キョ,1,0
7,差,サ、さ-す,1,1
5,己,コ、キ、おのれ,2,1
5,巻,カン、ま-く、まき,1,2
2,巾,キン,1,0
9,市,シ、いち,1,1
6,布,フ、ぬの,1,1
3,帆,ハン、ほ,1,1
7,希,キ,1,0
3,帝,テイ,1,0
2.5,帥,スイ,1,0
6,師,シ,1,0
7,席,セキ,1,0
7,帯,タイ、お-びる、おび,1,2
9,帰,キ、かえ-る、かえ-す,1,2
8,帳,チョウ,1,0
6,常,ジョウ、つね、とこ,1,2
4,帽,ボウ,1,0
4,幅,フク、はば,1,1
5,幕,マク、バク,2,0
2.5,幣,ヘイ,1,0
5,干,カン、ほ-す、ひ-る,1,2
8,平,ヘイ、ビョウ、たい-ら、ひら,2,2
10,年,ネン、とし,1,1
8,幸,コウ、さいわ-い、さち、しあわ-せ,1,3
6,幹,カン、みき,1,1
3,幻,ゲン、まぼろし,1,1
5,幼,ヨウ、おさな-い,1,1
3,幽,ユウ,1,0
4,幾,キ、いく,1,1
5,庁,チョウ,1,0
9,広,コウ、ひろ-い、ひろ-まる、ひろ-める、ひろ-がる、ひろ-げる,1,5
4,床,ショウ、とこ、ゆか,1,2
6,序,ジョ,1,0
7,底,テイ、そこ,1,1
9,店,テン、みせ,1,1
7,府,フ,1,0
8,度,ド、[ト]、[タク]、たび,3,1
5,座,ザ、すわ-る,1,1
8,庫,コ、[ク],2,0
8,庭,テイ、にわ,1,1
2.5,庶,ショ,1,0
7,康,コウ,1,0
2.5,庸,ヨウ,1,0
2.5,廃,ハイ、すた-れる、すた-る,1,2
3,廉,レン,1,0
3,廊,ロウ,1,0
5,延,エン、の-びる、の-べる、の-ばす,1,3
2.5,廷,テイ,1,0
7,建,ケン、[コン]、た-てる、た-つ,2,2
6,弁,ベン,1,0
2,弄,ロウ、もてあそ-ぶ,1,1
2.5,弊,ヘイ,1,0
8,式,シキ,1,0
4,弐,ニ,1,0
9,弓,キュウ、ゆみ,1,1
2.5,弔,チョウ、とむら-う,1,1
9,引,イン、ひ-く、ひ-ける,1,2
9,弟,テイ、[ダイ]、[デ]、おとうと,3,1
2,弥,や,0,1
2.5,弦,ゲン、つる,1,1
3,弧,コ,1,0
9,弱,ジャク、よわ-い、よわ-る、よわ-まる、よわ-める,1,4
6,張,チョウ、は-る,1,1
9,強,キョウ、ゴウ、つよ-い、つよ-まる、つよ-める、し-いる,2,4
4,弾,ダン、ひ-く、はず-む、たま,1,3
9,当,トウ、あ-たる、あ-てる,1,2
2,彙,イ,1,0
9,形,ケイ、ギョウ、かた、かたち,2,2
4,彩,サイ、いろど-る,1,1
3,彫,チョウ、ほ-る,1,1
2.5,彰,ショウ,1,0
4,影,エイ、かげ,1,1
8,役,ヤク、エキ,2,0
4,彼,ヒ、かれ、[かの],1,2
6,往,オウ,1,0
4,征,セイ,1,0
7,径,ケイ,1,0
8,待,タイ、ま-つ,1,1
5,律,リツ、[リチ],2,0
9,後,ゴ、コウ、のち、うし-ろ、あと、おく-れる,2,4
3,徐,ジョ,1,0
7,徒,ト,1,0
5,従,ジュウ、[ショウ]、[ジュ]、したが-う、したが-える,3,2
6,得,トク、え-る、う-る,1,2
4,御,ギョ、ゴ、おん,2,1
6,復,フク,1,0
2.5,循,ジュン,1,0
4,微,ビ,1,0
7,徳,トク,1,0
4,徴,チョウ,1,0
2.5,徹,テツ,1,0
9,心,シン、こころ,1,1
7,必,ヒツ、かなら-ず,1,1
3,忌,キ、い-む、い-まわしい,1,2
2.5,忍,ニン、しの-ぶ、しの-ばせる,1,2
6,志,シ、こころざ-す、こころざし,1,2
5,忘,ボウ、わす-れる,1,1
4,忙,ボウ、いそが-しい,1,1
6,応,オウ、こた-える,1,1
5,忠,チュウ,1,0
6,快,カイ、こころよ-い,1,1
7,念,ネン,1,0
4,怒,ド、いか-る、おこ-る,1,2
4,怖,フ、こわ-い,1,1
9,思,シ、おも-う,1,1
3,怠,タイ、おこた-る、なま-ける,1,2
8,急,キュウ、いそ-ぐ,1,1
6,性,セイ、ショウ,2,0
2,怨,エン、オン,2,0
3,怪,カイ、あや-しい、あや-しむ,1,2
4,恋,レン、こ-う、こい、こい-しい,1,3
4,恐,キョウ、おそ-れる、おそ-ろしい,1,2
4,恒,コウ,1,0
2,恣,シ,1,0
4,恥,チ、は-じる、はじ、は-じらう、は-ずかしい,1,4
3,恨,コン、うら-む、うら-めしい,1,2
5,恩,オン,1,0
2.5,恭,キョウ、うやうや-しい,1,1
8,息,ソク、いき,1,1
4,恵,ケイ、エ、めぐ-む,2,1
3,悔,カイ、く-いる、く-やむ、くや-しい,1,3
3,悟,ゴ、さと-る,1,1
2.5,悠,ユウ,1,0
2.5,患,カン、わずら-う,1,1
3,悦,エツ,1,0
4,悩,ノウ、なや-む、なや-ます,1,2
8,悪,アク、オ、わる-い,2,1
8,悲,ヒ、かな-しい、かな-しむ,1,2
2.5,悼,トウ、いた-む,1,1
6,情,ジョウ、[セイ]、なさ-け,2,1
4,惑,ワク、まど-う,1,1
3,惜,セキ、お-しい、お-しむ,1,2
2,惧,グ,1,0
4,惨,サン、ザン、みじ-め,2,1
2.5,惰,ダ,1,0
8,想,ソウ、[ソ],2,0
2.5,愁,シュウ、うれ-える、うれ-い,1,2
2.5,愉,ユ,1,0
8,意,イ,1,0
3,愚,グ、おろ-か,1,1
7,愛,アイ,1,0
8,感,カン,1,0
2,慄,リツ,1,0
3,慈,ジ、いつく-しむ,1,1
6,態,タイ,1,0
3,慌,コウ、あわ-てる、あわ-ただしい,1,2
4,慎,シン、つつし-む,1,1
3,慕,ボ、した-う,1,1
4,慢,マン,1,0
6,慣,カン、な-れる、な-らす,1,2
3,慨,ガイ,1,0
4,慮,リョ,1,0
3,慰,イ、なぐさ-める、なぐさ-む,1,2
2.5,慶,ケイ,1,0
3,憂,ユウ、うれ-える、うれ-い、う-い,1,3
3,憎,ゾウ、にく-む、にく-い、にく-らしい、にく-しみ,1,4
2.5,憤,フン、いきどお-る,1,1
2,憧,ショウ、あこが-れる,1,1
3,憩,ケイ、いこ-い、いこ-う,1,2
2,憬,ケイ,1,0
5,憲,ケン,1,0
4,憶,オク,1,0
2.5,憾,カン,1,0
2.5,懇,コン、ねんご-ろ,1,1
2.5,懐,カイ、ふところ、なつ-かしい、なつ-かしむ、なつ-く、なつ-ける,1,5
2.5,懲,チョウ、こ-りる、こ-らす、こ-らしめる,1,3
2.5,懸,ケン、[ケ]、か-ける、か-かる,2,2
7,成,セイ、[ジョウ]、な-る、な-す,2,2
5,我,ガ、われ、わ,1,2
4,戒,カイ、いまし-める,1,1
2,戚,セキ,1,0
7,戦,セン、いくさ、たたか-う,1,2
4,戯,ギ、たわむ-れる,1,1
2,戴,タイ,1,0
9,戸,コ、と,1,1
2.5,戻,レイ、もど-す、もど-る,1,2
3,房,ボウ、ふさ,1,1
8,所,ショ、ところ,1,1
4,扇,セン、おうぎ,1,1
2.5,扉,ヒ、とびら,1,1
10,手,シュ、て、[た],1,2
9,才,サイ,1,0
8,打,ダ、う-つ,1,1
4,払,フツ、はら-う,1,1
4,扱,あつか-う,0,1
2.5,扶,フ,1,0
5,批,ヒ,1,0
5,承,ショウ、うけたまわ-る,1,1
6,技,ギ、わざ,1,1
2.5,抄,ショウ,1,0
2.5,把,ハ,1,0
3,抑,ヨク、おさ-える,1,1
8,投,トウ、な-げる,1,1
4,抗,コウ,1,0
7,折,セツ、お-る、おり、お-れる,1,3
4,抜,バツ、ぬ-く、ぬ-ける、ぬ-かす、ぬ-かる,1,4
3,択,タク,1,0
2.5,披,ヒ,1,0
4,抱,ホウ、だ-く、いだ-く、かか-える,1,3
4,抵,テイ,1,0
2.5,抹,マツ,1,0
4,押,オウ、お-す、お-さえる,1,2
3,抽,チュウ,1,0
5,担,タン、かつ-ぐ、にな-う,1,2
2,拉,ラ,1,0
4,拍,ハク、[ヒョウ],2,0
2.5,拐,カイ,1,0
2.5,拒,キョ、こば-む,1,1
4,拓,タク,1,0
3,拘,コウ,1,0
2.5,拙,セツ、つたな-い,1,1
6,招,ショウ、まね-く,1,1
5,拝,ハイ、おが-む,1,1
4,拠,キョ、コ,2,0
5,拡,カク,1,0
2.5,括,カツ,1,0
2,拭,ショク、ふ-く、ぬぐ-う,1,2
2,拳,ケン、こぶし,1,1
2,拶,サツ,1,0
2.5,拷,ゴウ,1,0
8,拾,シュウ、ジュウ、ひろ-う,2,1
8,持,ジ、も-つ,1,1
8,指,シ、ゆび、さ-す,1,2
2.5,挑,チョウ、いど-む,1,1
7,挙,キョ、あ-げる、あ-がる,1,2
2.5,挟,キョウ、はさ-む、はさ-まる,1,2
2,挨,アイ,1,0
2,挫,ザ,1,0
4,振,シン、ふ-る、ふ-るう、ふ-れる,1,3
2.5,挿,ソウ、さ-す,1,1
2,捉,ソク、とら-える,1,1
4,捕,ホ、と-らえる、と-らわれる、と-る、つか-まえる、つか-まる,1,5
2,捗,チョク,1,0
2.5,捜,ソウ、さが-す,1,1
5,捨,シャ、す-てる,1,1
2.5,据,す-える、す-わる,0,2
2,捻,ネン,1,0
3,掃,ソウ、は-く,1,1
6,授,ジュ、さず-ける、さず-かる,1,2
3,掌,ショウ,1,0
3,排,ハイ,1,0
4,掘,クツ、ほ-る,1,1
3,掛,か-ける、か-かる、かかり,0,3
6,採,サイ、と-る,1,1
5,探,タン、さぐ-る、さが-す,1,2
6,接,セツ、つ-ぐ,1,1
3,控,コウ、ひか-える,1,1
5,推,スイ、お-す,1,1
3,措,ソ,1,0
3,掲,ケイ、かか-げる,1,1
4,描,ビョウ、えが-く、か-く,1,2
6,提,テイ、さ-げる,1,1
3,揚,ヨウ、あ-げる、あ-がる,1,2
3,換,カン、か-える、か-わる,1,2
4,握,アク、にぎ-る,1,1
5,揮,キ,1,0
4,援,エン,1,0
3,揺,ヨウ、ゆ-れる、ゆ-る、ゆ-らぐ、ゆ-るぐ、ゆ-する、ゆ-さぶる、ゆ-すぶる,1,7
6,損,ソン、そこ-なう、そこ-ねる,1,2
4,搬,ハン,1,0
2.5,搭,トウ,1,0
3,携,ケイ、たずさ-える、たずさ-わる,1,2
3,搾,サク、しぼ-る,1,1
3,摂,セツ,1,0
4,摘,テキ、つ-む,1,1
2.5,摩,マ,1,0
2,摯,シ,1,0
4,撃,ゲキ、う-つ,1,1
2.5,撤,テツ,1,0
3,撮,サツ、と-る,1,1
2.5,撲,ボク,1,0
3,擁,ヨウ,1,0
5,操,ソウ、みさお、あやつ-る,1,2
3,擦,サツ、す-る、す-れる,1,2
2.5,擬,ギ,1,0
6,支,シ、ささ-える,1,1
7,改,カイ、あらた-める、あらた-まる,1,2
4,攻,コウ、せ-める,1,1
8,放,ホウ、はな-す、はな-つ、はな-れる、ほう-る,1,4
6,政,セイ、[ショウ]、まつりごと,2,1
6,故,コ、ゆえ,1,1
4,敏,ビン,1,0
6,救,キュウ、すく-う,1,1
7,敗,ハイ、やぶ-れる,1,1
9,教,キョウ、おし-える、おそ-わる,1,2
3,敢,カン,1,0
7,散,サン、ち-る、ち-らす、ち-らかす、ち-らかる,1,4
5,敬,ケイ、うやま-う,1,1
9,数,スウ、[ス]、かず、かぞ-える,2,2
8,整,セイ、ととの-える、ととの-う,1,2
5,敵,テキ、かたき,1,1
4,敷,フ、し-く,1,1
10,文,ブン、モン、ふみ,2,1
2.5,斉,セイ,1,0
2.5,斎,サイ,1,0
2,斑,ハン,1,0
3,斗,ト,1,0
7,料,リョウ,1,0
4,斜,シャ、なな-め,1,1
3,斤,キン,1,0
3,斥,セキ,1,0
2,斬,ザン、き-る,1,1
6,断,ダン、た-つ、ことわ-る,1,2
9,新,シン、あたら-しい、あら-た、にい,1,3
9,方,ホウ、かた,1,1
3,施,シ、セ、ほどこ-す,2,1
8,旅,リョ、たび,1,1
2.5,旋,セン,1,0
8,族,ゾク,1,0
7,旗,キ、はた,1,1
3,既,キ、すで-に,1,1
10,日,ニチ、ジツ、ひ、か,2,2
2,旦,タン、ダン,1,0
6,旧,キュウ,1,0
4,旨,シ、むね,1,1
10,早,ソウ、[サッ]、はや-い、はや-まる、はや-める,2,3
4,旬,ジュン、[シュン],2,0
2,旺,オウ,1,0
2.5,昆,コン,1,0
3,昇,ショウ、のぼ-る,1,1
9,明,メイ、ミョウ、あ-かり、あか-るい、あか-るむ、あか-らむ、あき-らか、あ-ける、あ-く、あ-くる、あ-かす,2,9
6,易,エキ、イ、やさ-しい,2,1
8,昔,セキ、[シャク]、むかし,2,1
9,星,セイ、[ショウ]、ほし,2,1
5,映,エイ、うつ-る、うつ-す、は-える,1,3
9,春,シュン、はる,1,1
2,昧,マイ,1,0
7,昨,サク,1,0
8,昭,ショウ,1,0
4,是,ゼ,1,0
9,昼,チュウ、ひる,1,1
9,時,ジ、とき,1,1
5,晩,バン,1,0
4,普,フ,1,0
7,景,ケイ,1,0
9,晴,セイ、は-れる、は-らす,1,2
3,晶,ショウ,1,0
2.5,暁,ギョウ、あかつき,1,1
4,暇,カ、ひま,1,1
8,暑,ショ、あつ-い,1,1
5,暖,ダン、あたた-か、あたた-かい、あたた-まる、あたた-める,1,4
8,暗,アン、くら-い,1,1
4,暦,レキ、こよみ,1,1
3,暫,ザン,1,0
5,暮,ボ、く-れる、く-らす,1,2
6,暴,ボウ、[バク]、あば-く、あば-れる,2,2
4,曇,ドン、くも-る,1,1
2,曖,アイ,1,0
9,曜,ヨウ,1,0
8,曲,キョク、ま-がる、ま-げる,1,2
4,更,コウ、さら、ふ-ける、ふ-かす,1,3
9,書,ショ、か-く,1,1
2.5,曹,ソウ,1,0
2,曽,ソウ、[ゾ],2,0
4,替,タイ、か-える、か-わる,1,2
7,最,サイ、もっと-も,1,1
10,月,ゲツ、ガツ、つき,2,1
8,有,ユウ、ウ、あ-る,2,1
8,服,フク,1,0
2.5,朕,チン,1,0
5,朗,ロウ、ほが-らか,1,1
7,望,ボウ、モウ、のぞ-む,2,1
9,朝,チョウ、あさ,1,1
8,期,キ、[ゴ],2,0
10,木,ボク、モク、き、[こ],2,2
7,未,ミ,1,0
7,末,マツ、バツ、すえ,2,1
10,本,ホン、もと,1,1
7,札,サツ、ふだ,1,1
4,朱,シュ,1,0
2.5,朴,ボク,1,0
5,机,キ、つくえ,1,1
4,朽,キュウ、く-ちる,1,1
2.5,杉,すぎ,0,1
7,材,ザイ,1,0
10,村,ソン、むら,1,1
7,束,ソク、たば,1,1
6,条,ジョウ,1,0
9,来,ライ、く-る、きた-る、きた-す,1,3
4,杯,ハイ、さかずき,1,1
9,東,トウ、ひがし,1,1
7,松,ショウ、まつ,1,1
8,板,ハン、バン、いた,2,1
2.5,析,セキ,1,0
2,枕,まくら,0,1
10,林,リン、はやし,1,1
5,枚,マイ,1,0
7,果,カ、は-たす、は-てる、は-て,1,3
6,枝,シ、えだ,1,1
2.5,枠,わく,0,1
2.5,枢,スウ,1,0
4,枯,コ、か-れる、か-らす,1,2
3,架,カ、か-ける、か-かる,1,2
4,柄,ヘイ、がら、え,1,2
3,某,ボウ,1,0
5,染,セン、そ-める、そ-まる、し-みる、し-み,1,4
4,柔,ジュウ、ニュウ、やわ-らか、やわ-らかい,2,2
8,柱,チュウ、はしら,1,1
2.5,柳,リュウ、やなぎ,1,1
2,柵,サク,1,0
6,査,サ,1,0
2,柿,かき,0,1
7,栃,[とち],0,1
7,栄,エイ、さか-える、は-え、は-える,1,3
2.5,栓,セン,1,0
10,校,コウ,1,0
5,株,かぶ,0,1
2.5,核,カク,1,0
8,根,コン、ね,1,1
6,格,カク、[コウ],2,0
2.5,栽,サイ,1,0
2,桁,けた,0,1
4,桃,トウ、もも,1,1
7,案,アン,1,0
3,桑,ソウ、くわ,1,1
6,桜,オウ、さくら,1,1
2.5,桟,サン,1,0
7,梅,バイ、うめ,1,1
2,梗,コウ,1,0
7,梨,なし,0,1
7,械,カイ,1,0
3,棄,キ,1,0
3,棋,キ,1,0
5,棒,ボウ,1,0
2.5,棚,たな,0,1
2.5,棟,トウ、むね、[むな],1,2
10,森,シン、もり,1,1
2.5,棺,カン,1,0
2,椅,イ,1,0
8,植,ショク、う-える、う-わる,1,2
2,椎,ツイ,1,0
6,検,ケン,1,0
8,業,ギョウ、ゴウ、わざ,2,1
7,極,キョク、ゴク、きわ-める、きわ-まる、きわ-み,2,3
2,楷,カイ,1,0
3,楼,ロウ,1,0
9,楽,ガク、ラク、たの-しい、たの-しむ,2,2
3,概,ガイ,1,0
6,構,コウ、かま-える、かま-う,1,2
8,様,ヨウ、さま,1,1
2.5,槽,ソウ,1,0
7,標,ヒョウ,1,0
5,模,モ、ボ,2,0
5,権,ケン、[ゴン],2,0
8,横,オウ、よこ,1,1
5,樹,ジュ,1,0
8,橋,キョウ、はし,1,1
7,機,キ、はた,1,1
4,欄,ラン,1,0
7,欠,ケツ、か-ける、か-く,1,2
8,次,ジ、シ、つ-ぐ、つぎ,2,2
3,欧,オウ,1,0
5,欲,ヨク、ほっ-する、ほ-しい,1,2
3,欺,ギ、あざむ-く,1,1
2.5,款,カン,1,0
9,歌,カ、うた、うた-う,1,2
4,歓,カン,1,0
9,止,シ、と-まる、と-める,1,2
10,正,セイ、ショウ、ただ-しい、ただ-す、まさ,2,3
6,武,ブ、ム,2,0
9,歩,ホ、ブ、[フ]、ある-く、あゆ-む,3,2
8,歯,シ、は,1,1
4,歳,サイ、[セイ],2,0
6,歴,レキ,1,0
8,死,シ、し-ぬ,1,1
2.5,殉,ジュン,1,0
3,殊,シュ、こと,1,1
7,残,ザン、のこ-る、のこ-す,1,2
4,殖,ショク、ふ-える、ふ-やす,1,2
3,殴,オウ、なぐ-る,1,1
5,段,ダン,1,0
6,殺,サツ、[サイ]、[セツ]、ころ-す,3,1
2.5,殻,カク、から,1,1
4,殿,デン、テン、との、どの,2,2
2,毀,キ,1,0
9,母,ボ、はは,1,1
9,毎,マイ,1,0
6,毒,ドク,1,0
6,比,ヒ、くら-べる,1,1
9,毛,モウ、け,1,1
7,氏,シ、うじ,1,1
7,民,ミン、たみ,1,1
10,気,キ、ケ,2,0
10,水,スイ、みず,1,1
8,氷,ヒョウ、こおり、ひ,1,2
6,永,エイ、なが-い,1,1
2,氾,ハン,1,0
2.5,汁,ジュウ、しる,1,1
7,求,キュウ、もと-める,1,1
2,汎,ハン,1,0
4,汗,カン、あせ,1,1
4,汚,オ、けが-す、けが-れる、けが-らわしい、よご-す、よご-れる、きたな-い,1,6
2.5,江,コウ、え,1,1
9,池,チ、いけ,1,1
2,汰,タ,1,0
8,決,ケツ、き-める、き-まる,1,2
9,汽,キ,1,0
2,沃,ヨク,1,0
4,沈,チン、しず-む、しず-める,1,2
7,沖,チュウ、おき,1,1
2,沙,サ,1,0
3,没,ボツ,1,0
4,沢,タク、さわ,1,1
6,河,カ、かわ,1,1
2.5,沸,フツ、わ-く、わ-かす,1,2
8,油,ユ、あぶら,1,1
7,治,ジ、チ、おさ-める、おさ-まる、なお-る、なお-す,2,4
4,沼,ショウ、ぬま,1,1
5,沿,エン、そ-う,1,1
4,況,キョウ,1,0
5,泉,セン、いずみ,1,1
4,泊,ハク、と-まる、と-める,1,2
3,泌,ヒツ、ヒ,2,0
7,法,ホウ、[ハッ]、[ホッ],3,0
2.5,泡,ホウ、あわ,1,1
8,波,ハ、なみ,1,1
7,泣,キュウ、な-く,1,1
2.5,泥,デイ、どろ,1,1
8,注,チュウ、そそ-ぐ,1,1
2.5,泰,タイ,1,0
8,泳,エイ、およ-ぐ,1,1
8,洋,ヨウ,1,0
5,洗,セン、あら-う,1,1
2.5,洞,ドウ、ほら,1,1
2.5,津,シン、つ,1,1
2.5,洪,コウ,1,0
9,活,カツ,1,0
5,派,ハ,1,0
8,流,リュウ、[ル]、なが-れる、なが-す,2,2
2.5,浄,ジョウ,1,0
7,浅,セン、あさ-い,1,1
4,浜,ヒン、はま,1,1
2.5,浦,うら,0,1
3,浪,ロウ,1,0
4,浮,フ、う-く、う-かれる、う-かぶ、う-かべる,1,4
7,浴,ヨク、あ-びる、あ-びせる,1,2
9,海,カイ、うみ,1,1
4,浸,シン、ひた-す、ひた-る,1,2
8,消,ショウ、き-える、け-す,1,2
4,涙,ルイ、なみだ,1,1
2.5,涯,ガイ,1,0
6,液,エキ,1,0
2.5,涼,リョウ、すず-しい、すず-む,1,2
2.5,淑,シュク,1,0
4,淡,タン、あわ-い,1,1
2,淫,イン、みだ-ら,1,1
8,深,シン、ふか-い、ふか-まる、ふか-める,1,3
6,混,コン、ま-じる、ま-ざる、ま-ぜる、こ-む,1,4
4,添,テン、そ-える、そ-う,1,2
7,清,セイ、[ショウ]、きよ-い、きよ-まる、きよ-める,2,3
2.5,渇,カツ、かわ-く,1,1
5,済,サイ、す-む、す-ます,1,2
2.5,渉,ショウ,1,0
2.5,渋,ジュウ、しぶ、しぶ-い、しぶ-る,1,3
2.5,渓,ケイ,1,0
6,減,ゲン、へ-る、へ-らす,1,2
4,渡,ト、わた-る、わた-す,1,2
2.5,渦,カ、うず,1,1
8,温,オン、あたた-か、あたた-かい、あたた-まる、あたた-める,1,4
6,測,ソク、はか-る,1,1
8,港,コウ、みなと,1,1
8,湖,コ、みずうみ,1,1
2,湧,ユウ、わ-く,1,1
8,湯,トウ、ゆ,1,1
3,湾,ワン,1,0
3,湿,シツ、しめ-る、しめ-す,1,2
7,満,マン、み-ちる、み-たす,1,2
5,源,ゲン、みなもと,1,1
6,準,ジュン,1,0
2.5,溝,コウ、みぞ,1,1
4,溶,ヨウ、と-ける、と-かす、と-く,1,3
2,溺,デキ、おぼ-れる,1,1
3,滅,メツ、ほろ-びる、ほろ-ぼす,1,2
7,滋,ジ,1,0
3,滑,カツ、コツ、すべ-る、なめ-らか,2,2
3,滝,たき,0,1
3,滞,タイ、とどこお-る,1,1
4,滴,テキ、しずく、したた-る,1,2
7,漁,ギョ、リョウ,2,0
3,漂,ヒョウ、ただよ-う,1,1
2.5,漆,シツ、うるし,1,1
3,漏,ロウ、も-る、も-れる、も-らす,1,3
6,演,エン,1,0
2.5,漠,バク,1,0
8,漢,カン,1,0
4,漫,マン,1,0
2.5,漬,つ-ける、つ-かる,0,2
2.5,漸,ゼン,1,0
6,潔,ケツ、いさぎよ-い,1,1
3,潜,セン、ひそ-む、もぐ-る,1,2
7,潟,かた,0,1
3,潤,ジュン、うるお-う、うるお-す、うる-む,1,3
5,潮,チョウ、しお,1,1
2,潰,カイ、つぶ-す、つぶ-れる,1,2
4,澄,チョウ、す-む、す-ます,1,2
5,激,ゲキ、はげ-しい,1,1
4,濁,ダク、にご-る、にご-す,1,2
4,濃,ノウ、こ-い,1,1
3,濫,ラン,1,0
2.5,濯,タク,1,0
3,瀬,せ,0,1
10,火,カ、ひ、[ほ],1,2
7,灯,トウ、ひ,1,1
5,灰,カイ、はい,1,1
6,災,サイ、わざわ-い,1,1
3,炉,ロ,1,0
3,炊,スイ、た-く,1,1
3,炎,エン、ほのお,1,1
8,炭,タン、すみ,1,1
9,点,テン,1,0
4,為,イ,1,0
4,烈,レツ,1,0
7,無,ム、ブ、な-い,2,1
3,焦,ショウ、こ-げる、こ-がす、こ-がれる、あせ-る,1,4
7,然,ゼン、ネン,2,0
7,焼,ショウ、や-く、や-ける,1,2
2,煎,セン、い-る,1,1
4,煙,エン、けむ-る、けむり、けむ-い,1,3
7,照,ショウ、て-る、て-らす、て-れる,1,3
2.5,煩,ハン、[ボン]、わずら-う、わずら-わす,2,2
4,煮,シャ、に-る、に-える、に-やす,1,3
7,熊,くま,0,1
5,熟,ジュク、う-れる,1,1
7,熱,ネツ、あつ-い,1,1
6,燃,ネン、も-える、も-やす、も-す,1,3
4,燥,ソウ,1,0
4,爆,バク,1,0
2,爪,つめ、[つま],0,2
2.5,爵,シャク,1,0
9,父,フ、ちち,1,1
2,爽,ソウ、さわ-やか,1,1
5,片,ヘン、かた,1,1
6,版,ハン,1,0
2,牙,ガ、[ゲ]、きば,2,1
9,牛,ギュウ、うし,1,1
7,牧,ボク、まき,1,1
8,物,ブツ、モツ、もの,2,1
3,牲,セイ,1,0
7,特,トク,1,0
3,犠,ギ,1,0
10,犬,ケン、いぬ,1,1
6,犯,ハン、おか-す,1,1
6,状,ジョウ,1,0
4,狂,キョウ、くる-う、くる-おしい,1,2
2,狙,ソ、ねら-う,1,1
4,狩,シュ、か-る、か-り,1,2
6,独,ドク、ひと-り,1,1
4,狭,キョウ、せま-い、せば-める、せば-まる,1,3
4,猛,モウ,1,0
3,猟,リョウ,1,0
2.5,猫,ビョウ、ねこ,1,1
2.5,献,ケン、[コン],2,0
2.5,猶,ユウ,1,0
2.5,猿,エン、さる,1,1
3,獄,ゴク,1,0
4,獣,ジュウ、けもの,1,1
4,獲,カク、え-る,1,1
4,玄,ゲン,1,0
6,率,ソツ、リツ、ひき-いる,2,1
10,玉,ギョク、たま,1,1
10,王,オウ,1,0
2,玩,ガン,1,0
4,珍,チン、めずら-しい,1,1
2.5,珠,シュ,1,0
5,班,ハン,1,0
6,現,ゲン、あらわ-れる、あらわ-す,1,2
8,球,キュウ、たま,1,1
9,理,リ,1,0
2.5,琴,キン、こと,1,1
2,瑠,ル,1,0
2,璃,リ,1,0
2,璧,ヘキ,1,0
4,環,カン,1,0
2.5,璽,ジ,1,0
2,瓦,ガ、かわら,1,1
2.5,瓶,ビン,1,0
4,甘,カン、あま-い、あま-える、あま-やかす,1,3
2.5,甚,ジン、はなは-だ、はなは-だしい,1,2
10,生,セイ、ショウ、い-きる、い-かす、い-ける、う-まれる、う-む、お-う、は-える、は-やす、き、なま,2,10
7,産,サン、う-む、う-まれる、うぶ,1,3
9,用,ヨウ、もち-いる,1,1
10,田,デン、た,1,1
8,由,ユ、ユウ、[ユイ]、よし,3,1
3,甲,コウ、カン,2,0
8,申,シン、もう-す,1,1
10,男,ダン、ナン、おとこ,2,1
10,町,チョウ、まち,1,1
9,画,ガ、カク,2,0
8,界,カイ,1,0
2,畏,イ、おそ-れる,1,1
8,畑,はた、はたけ,0,2
3,畔,ハン,1,0
6,留,リュウ、[ル]、と-める、と-まる,2,2
3,畜,チク,1,0
2.5,畝,うね,0,1
6,略,リャク,1,0
9,番,バン,1,0
5,異,イ、こと,1,1
4,畳,ジョウ、たた-む、たたみ,1,2
2,畿,キ,1,0
2.5,疎,ソ、うと-い、うと-む,1,2
5,疑,ギ、うたが-う,1,1
2.5,疫,エキ、[ヤク],2,0
4,疲,ヒ、つか-れる,1,1
3,疾,シツ,1,0
8,病,ビョウ、[ヘイ]、や-む、やまい,2,2
2.5,症,ショウ,1,0
2,痕,コン、あと,1,1
3,痘,トウ,1,0
5,痛,ツウ、いた-い、いた-む、いた-める,1,3
2.5,痢,リ,1,0
2,痩,ソウ、や-せる,1,1
2.5,痴,チ,1,0
2,瘍,ヨウ,1,0
4,療,リョウ,1,0
2.5,癒,ユ、い-える、い-やす,1,2
3,癖,ヘキ、くせ,1,1
8,発,ハツ、ホツ,2,0
8,登,トウ、ト、のぼ-る,2,1
10,白,ハク、ビャク、しろ、[しら]、しろ-い,2,3
10,百,ヒャク,1,0
7,的,テキ、まと,1,1
4,皆,カイ、みな,1,1
5,皇,コウ、オウ,2,0
8,皮,ヒ、かわ,1,1
8,皿,さら,0,1
4,盆,ボン,1,0
6,益,エキ、[ヤク],2,0
4,盗,トウ、ぬす-む,1,1
5,盛,セイ、[ジョウ]、も-る、さか-る、さか-ん,2,3
5,盟,メイ,1,0
4,監,カン,1,0
4,盤,バン,1,0
10,目,モク、[ボク]、め、[ま],2,2
2.5,盲,モウ,1,0
9,直,チョク、ジキ、ただ-ちに、なお-す、なお-る,2,3
8,相,ソウ、ショウ、あい,2,1
4,盾,ジュン、たて,1,1
7,省,セイ、ショウ、かえり-みる、はぶ-く,2,2
2,眉,ビ、[ミ]、まゆ,2,1
5,看,カン,1,0
8,県,ケン,1,0
8,真,シン、ま,1,1
4,眠,ミン、ねむ-る、ねむ-い,1,2
2.5,眺,チョウ、なが-める,1,1
6,眼,ガン、[ゲン]、まなこ,2,1
8,着,チャク、[ジャク]、き-る、き-せる、つ-く、つ-ける,2,4
2.5,睡,スイ,1,0
2.5,督,トク,1,0
2,睦,ボク,1,0
4,瞬,シュン、またた-く,1,1
2,瞭,リョウ,1,0
2,瞳,ドウ、ひとみ,1,1
4,矛,ム、ほこ,1,1
9,矢,シ、や,1,1
9,知,チ、し-る,1,1
8,短,タン、みじか-い,1,1
2.5,矯,キョウ、た-める,1,1
10,石,セキ、[シャク]、[コク]、いし,3,1
5,砂,サ、シャ、すな,2,1
8,研,ケン、と-ぐ,1,1
2.5,砕,サイ、くだ-く、くだ-ける,1,2
4,砲,ホウ,1,0
6,破,ハ、やぶ-る、やぶ-れる,1,2
2.5,硝,ショウ,1,0
2.5,硫,リュウ,1,0
3,硬,コウ、かた-い,1,1
2.5,碁,ゴ,1,0
3,碑,ヒ,1,0
6,確,カク、たし-か、たし-かめる,1,2
5,磁,ジ,1,0
2.5,磨,マ、みが-く,1,1
2.5,礁,ショウ,1,0
3,礎,ソ、いしずえ,1,1
6,示,ジ、シ、しめ-す,2,1
8,礼,レイ、ライ,2,0
9,社,シャ、やしろ,1,1
4,祈,キ、いの-る,1,1
3,祉,シ,1,0
6,祖,ソ,1,0
7,祝,シュク、[シュウ]、いわ-う,2,1
8,神,シン、ジン、かみ、[かん]、[こう],2,3
2.5,祥,ショウ,1,0
7,票,ヒョウ,1,0
8,祭,サイ、まつ-る、まつ-り,1,2
6,禁,キン,1,0
2.5,禅,ゼン,1,0
2.5,禍,カ,1,0
8,福,フク,1,0
4,秀,シュウ、ひい-でる,1,1
5,私,シ、わたくし、わたし,1,2
9,秋,シュウ、あき,1,1
9,科,カ,1,0
8,秒,ビョウ,1,0
5,秘,ヒ、ひ-める,1,1
2.5,租,ソ,1,0
2.5,秩,チツ,1,0
4,称,ショウ,1,0
6,移,イ、うつ-る、うつ-す,1,2
6,程,テイ、ほど,1,1
6,税,ゼイ,1,0
3,稚,チ,1,0
7,種,シュ、たね,1,1
4,稲,トウ、いね、[いな],1,2
2.5,稼,カ、かせ-ぐ,1,1
2,稽,ケイ,1,0
4,稿,コウ,1,0
5,穀,コク,1,0
3,穂,スイ、ほ,1,1
7,積,セキ、つ-む、つ-もる,1,2
3,穏,オン、おだ-やか,1,1
3,穫,カク,1,0
5,穴,ケツ、あな,1,1
8,究,キュウ、きわ-める,1,1
10,空,クウ、そら、あ-く、あ-ける、から,1,4
4,突,トツ、つ-く,1,1
2.5,窃,セツ,1,0
3,窒,チツ,1,0
5,窓,ソウ、まど,1,1
2,窟,クツ,1,0
2.5,窮,キュウ、きわ-める、きわ-まる,1,2
2.5,窯,ヨウ、かま,1,1
10,立,リツ、[リュウ]、た-つ、た-てる,2,2
2.5,竜,リュウ、たつ,1,1
8,章,ショウ,1,0
8,童,ドウ、わらべ,1,1
4,端,タン、はし、は、はた,1,3
7,競,キョウ、ケイ、きそ-う、せ-る,2,2
10,竹,チク、たけ,1,1
7,笑,ショウ、わら-う、え-む,1,2
8,笛,テキ、ふえ,1,1
3,符,フ,1,0
8,第,ダイ,1,0
8,筆,ヒツ、ふで,1,1
8,等,トウ、ひと-しい,1,1
5,筋,キン、すじ,1,1
2.5,筒,トウ、つつ,1,1
9,答,トウ、こた-える、こた-え,1,2
5,策,サク,1,0
4,箇,カ,1,0
2,箋,セン,1,0
9,算,サン,1,0
7,管,カン、くだ,1,1
8,箱,はこ,0,1
2,箸,はし,0,1
7,節,セツ、[セチ]、ふし,2,1
4,範,ハン,1,0
6,築,チク、きず-く,1,1
3,篤,トク,1,0
5,簡,カン,1,0
3,簿,ボ,1,0
3,籍,セキ,1,0
2,籠,ロウ、かご、こ-もる,1,2
9,米,ベイ、マイ、こめ,2,1
6,粉,フン、こ、こな,1,2
3,粋,スイ、いき,1,1
4,粒,リュウ、つぶ,1,1
3,粗,ソ、あら-い,1,1
3,粘,ネン、ねば-る,1,1
2.5,粛,シュク,1,0
2.5,粧,ショウ,1,0
6,精,セイ、[ショウ],2,0
5,糖,トウ,1,0
3,糧,リョウ、[ロウ]、かて,2,1
10,糸,シ、いと,1,1
5,系,ケイ,1,0
2.5,糾,キュウ,1,0
6,紀,キ,1,0
7,約,ヤク,1,0
5,紅,コウ、[ク]、べに、くれない,2,2
4,紋,モン,1,0
5,納,ノウ、[ナッ]、[ナ]、[ナン]、[トウ]、おさ-める、おさ-まる,5,2
5,純,ジュン,1,0
9,紙,シ、かみ,1,1
8,級,キュウ,1,0
3,紛,フン、まぎ-れる、まぎ-らす、まぎ-らわす、まぎ-らわしい,1,4
6,素,ソ、ス,2,0
2.5,紡,ボウ、つむ-ぐ,1,1
2.5,索,サク,1,0
4,紫,シ、むらさき,1,1
2.5,累,ルイ,1,0
9,細,サイ、ほそ-い、ほそ-る、こま-か、こま-かい,1,4
2.5,紳,シン,1,0
4,紹,ショウ,1,0
3,紺,コン,1,0
8,終,シュウ、お-わる、お-える,1,2
9,組,ソ、く-む、くみ,1,2
6,経,ケイ、キョウ、へ-る,2,1
7,結,ケツ、むす-ぶ、ゆ-う、ゆ-わえる,1,3
3,絞,コウ、しぼ-る、し-める、し-まる,1,3
4,絡,ラク、から-む、から-まる、から-める,1,3
7,給,キュウ,1,0
6,統,トウ、す-べる,1,1
9,絵,カイ、エ,2,0
6,絶,ゼツ、た-える、た-やす、た-つ,1,3
5,絹,ケン、きぬ,1,1
4,継,ケイ、つ-ぐ,1,1
7,続,ゾク、つづ-く、つづ-ける,1,2
4,維,イ,1,0
3,綱,コウ、つな,1,1
4,網,モウ、あみ,1,1
2,綻,タン、ほころ-びる,1,1
6,綿,メン、わた,1,1
3,緊,キン,1,0
6,総,ソウ,1,0
8,緑,リョク、[ロク]、みどり,2,1
2.5,緒,ショ、[チョ]、お,2,1
9,線,セン,1,0
3,締,テイ、し-まる、し-める,1,2
6,編,ヘン、あ-む,1,1
3,緩,カン、ゆる-い、ゆる-やか、ゆる-む、ゆる-める,1,4
4,緯,イ,1,0
8,練,レン、ね-る,1,1
2,緻,チ,1,0
4,縁,エン、ふち,1,1
7,縄,ジョウ、なわ,1,1
3,縛,バク、しば-る,1,1
5,縦,ジュウ、たて,1,1
3,縫,ホウ、ぬ-う,1,1
5,縮,シュク、ちぢ-む、ちぢ-まる、ちぢ-める、ちぢ-れる、ちぢ-らす,1,5
6,績,セキ,1,0
4,繁,ハン,1,0
2.5,繊,セン,1,0
6,織,ショク、シキ、お-る,2,1
3,繕,ゼン、つくろ-う,1,1
2.5,繭,ケン、まゆ,1,1
4,繰,く-る,0,1
2.5,缶,カン,1,0
6,罪,ザイ、つみ,1,1
7,置,チ、お-く,1,1
4,罰,バツ、バチ,2,0
5,署,ショ,1,0
2,罵,バ、ののし-る,1,1
2.5,罷,ヒ,1,0
2.5,羅,ラ,1,0
8,羊,ヨウ、ひつじ,1,1
8,美,ビ、うつく-しい,1,1
2,羞,シュウ,1,0
7,群,グン、む-れる、む-れ、[むら],1,3
2,羨,セン、うらや-む、うらや-ましい,1,2
6,義,ギ,1,0
9,羽,ウ、は、はね,1,2
2.5,翁,オウ,1,0
5,翌,ヨク,1,0
8,習,シュウ、なら-う,1,1
3,翻,ホン、ひるがえ-る、ひるがえ-す,1,2
4,翼,ヨク、つばさ,1,1
7,老,ロウ、お-いる、ふ-ける,1,2
9,考,コウ、かんが-える,1,1
8,者,シャ、もの,1,1
4,耐,タイ、た-える,1,1
6,耕,コウ、たがや-す,1,1
2.5,耗,モウ、[コウ],2,0
10,耳,ジ、みみ,1,1
5,聖,セイ,1,0
9,聞,ブン、モン、き-く、き-こえる,2,2
3,聴,チョウ、き-く,1,1
6,職,ショク,1,0
9,肉,ニク,1,0
2.5,肌,はだ,0,1
2.5,肖,ショウ,1,0
2,肘,ひじ,0,1
3,肝,カン、きも,1,1
2,股,コ、また,1,1
2.5,肢,シ,1,0
6,肥,ヒ、こ-える、こえ、こ-やす、こ-やし,1,4
4,肩,ケン、かた,1,1
4,肪,ボウ,1,0
2.5,肯,コウ,1,0
8,育,イク、そだ-つ、そだ-てる、はぐく-む,1,3
5,肺,ハイ,1,0
5,胃,イ,1,0
3,胆,タン,1,0
5,背,ハイ、せ、せい、そむ-く、そむ-ける,1,4
3,胎,タイ,1,0
3,胞,ホウ,1,0
4,胴,ドウ,1,0
5,胸,キョウ、むね、[むな],1,2
6,能,ノウ,1,0
4,脂,シ、あぶら,1,1
3,脅,キョウ、おびや-かす、おど-す、おど-かす,1,3
2,脇,わき,0,1
6,脈,ミャク,1,0
2,脊,セキ,1,0
4,脚,キャク、[キャ]、あし,2,1
4,脱,ダツ、ぬ-ぐ、ぬ-げる,1,2
5,脳,ノウ,1,0
2,腎,ジン,1,0
4,腐,フ、くさ-る、くさ-れる、くさ-らす,1,3
4,腕,ワン、うで,1,1
2,腫,シュ、は-れる、は-らす,1,2
4,腰,ヨウ、こし,1,1
5,腸,チョウ,1,0
5,腹,フク、はら,1,1
2,腺,セン,1,0
4,膚,フ,1,0
3,膜,マク,1,0
2,膝,ひざ,0,1
3,膨,ボウ、ふく-らむ、ふく-れる,1,2
2,膳,ゼン,1,0
2,臆,オク,1,0
5,臓,ゾウ,1,0
7,臣,シン、ジン,2,0
5,臨,リン、のぞ-む,1,1
9,自,ジ、シ、みずか-ら,2,1
2.5,臭,シュウ、くさ-い、にお-う,1,2
5,至,シ、いた-る,1,1
4,致,チ、いた-す,1,1
2,臼,キュウ、うす,1,1
6,興,コウ、キョウ、おこ-る、おこ-す,2,2
5,舌,ゼツ、した,1,1
6,舎,シャ,1,0
4,舗,ホ,1,0
4,舞,ブ、ま-う、まい,1,2
4,舟,シュウ、ふね、[ふな],1,2
6,航,コウ,1,0
4,般,ハン,1,0
2.5,舶,ハク,1,0
2,舷,ゲン,1,0
9,船,セン、ふね、[ふな],1,2
2.5,艇,テイ,1,0
2.5,艦,カン,1,0
7,良,リョウ、よ-い,1,1
9,色,ショク、シキ、いろ,2,1
2,艶,エン、つや,1,1
4,芋,いも,0,1
4,芝,しば,0,1
2,芯,シン,1,0
10,花,カ、はな,1,1
3,芳,ホウ、かんば-しい,1,1
7,芸,ゲイ,1,0
7,芽,ガ、め,1,1
3,苗,ビョウ、なえ、[なわ],1,2
2,苛,カ,1,0
5,若,ジャク、[ニャク]、わか-い、も-しくは,2,2
8,苦,ク、くる-しい、くる-しむ、くる-しめる、にが-い、にが-る,1,5
7,英,エイ,1,0
4,茂,モ、しげ-る,1,1
2.5,茎,ケイ、くき,1,1
7,茨,[いばら],0,1
9,茶,チャ、サ,2,0
10,草,ソウ、くさ,1,1
4,荒,コウ、あら-い、あ-れる、あ-らす,1,3
2.5,荘,ソウ,1,0
8,荷,カ、に,1,1
3,菊,キク,1,0
2.5,菌,キン,1,0
4,菓,カ,1,0
7,菜,サイ、な,1,1
3,華,カ、[ケ]、はな,2,1
2,萎,イ、な-える,1,1
8,落,ラク、お-ちる、お-とす,1,2
8,葉,ヨウ、は,1,1
5,著,チョ、あらわ-す、いちじる-しい,1,2
2,葛,カツ、くず,1,1
3,葬,ソウ、ほうむ-る,1,1
5,蒸,ジョウ、む-す、む-れる、む-らす,1,3
4,蓄,チク、たくわ-える,1,1
2,蓋,ガイ、ふた,1,1
2,蔑,ベツ、さげす-む,1,1
5,蔵,ゾウ、くら,1,1
2,蔽,ヘイ,1,0
4,薄,ハク、うす-い、うす-める、うす-まる、うす-らぐ、うす-れる,1,5
2.5,薦,セン、すす-める,1,1
4,薪,シン、たきぎ,1,1
2.5,薫,クン、かお-る,1,1
8,薬,ヤク、くすり,1,1
2,藍,ラン、あい,1,1
2,藤,トウ、ふじ,1,1
3,藩,ハン,1,0
2.5,藻,ソウ、も,1,1
2,虎,コ、とら,1,1
3,虐,ギャク、しいた-げる,1,1
3,虚,キョ、[コ],2,0
2.5,虜,リョ,1,0
2.5,虞,おそれ,0,1
10,虫,チュウ、むし,1,1
2,虹,にじ,0,1
2.5,蚊,か,0,1
5,蚕,サン、かいこ,1,1
2.5,蛇,ジャ、ダ、へび,2,1
2.5,蛍,ケイ、ほたる,1,1
3,蛮,バン,1,0
2,蜂,ホウ、はち,1,1
2,蜜,ミツ,1,0
2.5,融,ユウ,1,0
8,血,ケツ、ち,1,1
5,衆,シュウ、[シュ],2,0
9,行,コウ、ギョウ、[アン]、い-く、ゆ-く、おこな-う,3,3
6,術,ジュツ,1,0
7,街,ガイ、[カイ]、まち,2,1
6,衛,エイ,1,0
3,衝,ショウ,1,0
2.5,衡,コウ,1,0
7,衣,イ、ころも,1,1
8,表,ヒョウ、おもて、あらわ-す、あらわ-れる,1,3
3,衰,スイ、おとろ-える,1,1
2.5,衷,チュウ,1,0
3,袋,タイ、ふくろ,1,1
2,袖,シュウ、そで,1,1
4,被,ヒ、こうむ-る,1,1
5,裁,サイ、た-つ、さば-く,1,2
3,裂,レツ、さ-く、さ-ける,1,2
5,装,ソウ、ショウ、よそお-う,2,1
5,裏,リ、うら,1,1
2.5,裕,ユウ,1,0
5,補,ホ、おぎな-う,1,1
3,裸,ラ、はだか,1,1
6,製,セイ,1,0
2,裾,すそ,0,1
6,複,フク,1,0
2.5,褐,カツ,1,0
2.5,褒,ホウ、ほ-める,1,1
2.5,襟,キン、えり,1,1
4,襲,シュウ、おそ-う,1,1
9,西,セイ、サイ、にし,2,1
7,要,ヨウ、かなめ、い-る,1,2
3,覆,フク、おお-う、くつがえ-す、くつがえ-る,1,3
2.5,覇,ハ,1,0
10,見,ケン、み-る、み-える、み-せる,1,3
6,規,キ,1,0
5,視,シ,1,0
7,覚,カク、おぼ-える、さ-ます、さ-める,1,3
5,覧,ラン,1,0
9,親,シン、おや、した-しい、した-しむ,1,3
7,観,カン,1,0
9,角,カク、かど、つの,1,2
6,解,カイ、ゲ、と-く、と-かす、と-ける,2,3
4,触,ショク、ふ-れる、さわ-る,1,2
9,言,ゲン、ゴン、い-う、こと,2,2
3,訂,テイ,1,0
2,訃,フ,1,0
9,計,ケイ、はか-る、はか-らう,1,2
5,討,トウ、う-つ,1,1
7,訓,クン,1,0
3,託,タク,1,0
9,記,キ、しる-す,1,1
2.5,訟,ショウ,1,0
5,訪,ホウ、おとず-れる、たず-ねる,1,2
6,設,セツ、もう-ける,1,1
6,許,キョ、ゆる-す,1,1
5,訳,ヤク、わけ,1,1
4,訴,ソ、うった-える,1,1
2.5,診,シン、み-る,1,1
6,証,ショウ,1,0
2.5,詐,サ,1,0
2.5,詔,ショウ、みことのり,1,1
6,評,ヒョウ,1,0
5,詞,シ,1,0
3,詠,エイ、よ-む,1,1
2,詣,ケイ、もう-でる,1,1
7,試,シ、こころ-みる、ため-す,1,2
8,詩,シ,1,0
2,詮,セン,1,0
4,詰,キツ、つ-める、つ-まる、つ-む,1,3
9,話,ワ、はな-す、はなし,1,2
3,該,ガイ,1,0
4,詳,ショウ、くわ-しい,1,1
4,誇,コ、ほこ-る,1,1
4,誉,ヨ、ほま-れ,1,1
5,誌,シ,1,0
5,認,ニン、みと-める,1,1
2.5,誓,セイ、ちか-う,1,1
5,誕,タン,1,0
3,誘,ユウ、さそ-う,1,1
9,語,ゴ、かた-る、かた-らう,1,2
5,誠,セイ、まこと,1,1
5,誤,ゴ、あやま-る,1,1
7,説,セツ、[ゼイ]、と-く,2,1
9,読,ドク、トク、[トウ]、よ-む,3,1
2,誰,だれ,0,1
7,課,カ,1,0
8,調,チョウ、しら-べる、ととの-う、ととの-える,1,3
8,談,ダン,1,0
3,請,セイ、[シン]、こ-う、う-ける,2,2
5,論,ロン,1,0
2,諦,テイ、あきら-める,1,1
2,諧,カイ,1,0
2.5,諭,ユ、さと-す,1,1
3,諮,シ、はか-る,1,1
5,諸,ショ,1,0
3,諾,ダク,1,0
3,謀,ボウ、[ム]、はか-る,2,1
2.5,謁,エツ,1,0
2.5,謄,トウ,1,0
2,謎,なぞ,0,1
2.5,謙,ケン,1,0
6,講,コウ,1,0
6,謝,シャ、あやま-る,1,1
4,謡,ヨウ、うたい、うた-う,1,2
2.5,謹,キン、つつし-む,1,1
6,識,シキ,1,0
2.5,譜,フ,1,0
5,警,ケイ,1,0
7,議,ギ,1,0
3,譲,ジョウ、ゆず-る,1,1
6,護,ゴ,1,0
9,谷,コク、たに,1,1
8,豆,トウ、[ズ]、まめ,2,1
6,豊,ホウ、ゆた-か,1,1
3,豚,トン、ぶた,1,1
6,象,ショウ、ゾウ,2,0
4,豪,ゴウ,1,0
2,貌,ボウ,1,0
10,貝,かい,0,1
2.5,貞,テイ,1,0
8,負,フ、ま-ける、ま-かす、お-う,1,3
6,財,ザイ、[サイ],2,0
2.5,貢,コウ、[ク]、みつ-ぐ,2,1
6,貧,ヒン、ビン、まず-しい,2,1
7,貨,カ,1,0
4,販,ハン,1,0
2,貪,ドン、むさぼ-る,1,1
3,貫,カン、つらぬ-く,1,1
6,責,セキ、せ-める,1,1
6,貯,チョ,1,0
5,貴,キ、たっと-い、とうと-い、たっと-ぶ、とうと-ぶ,1,4
9,買,バイ、か-う,1,1
6,貸,タイ、か-す,1,1
6,費,ヒ、つい-やす、つい-える,1,2
2,貼,チョウ、は-る,1,1
6,貿,ボウ,1,0
7,賀,ガ,1,0
2,賂,ロ,1,0
5,賃,チン,1,0
2.5,賄,ワイ、まかな-う,1,1
6,資,シ,1,0
3,賊,ゾク,1,0
2.5,賓,ヒン,1,0
6,賛,サン,1,0
2.5,賜,シ、たまわ-る,1,1
6,賞,ショウ,1,0
2.5,賠,バイ,1,0
3,賢,ケン、かしこ-い,1,1
4,賦,フ,1,0
6,質,シツ、シチ、[チ],3,0
2,賭,ト、か-ける,1,1
2.5,購,コウ,1,0
4,贈,ゾウ、[ソウ]、おく-る,2,1
10,赤,セキ、[シャク]、あか、あか-い、あか-らむ、あか-らめる,2,4
3,赦,シャ,1,0
9,走,ソウ、はし-る,1,1
3,赴,フ、おもむ-く,1,1
8,起,キ、お-きる、お-こる、お-こす,1,3
3,超,チョウ、こ-える、こ-す,1,2
4,越,エツ、こ-す、こ-える,1,2
4,趣,シュ、おもむき,1,1
10,足,ソク、あし、た-りる、た-る、た-す,1,4
4,距,キョ,1,0
4,跡,セキ、あと,1,1
8,路,ロ、じ,1,1
4,跳,チョウ、は-ねる、と-ぶ,1,2
2.5,践,セン,1,0
4,踊,ヨウ、おど-る、おど-り,1,2
4,踏,トウ、ふ-む、ふ-まえる,1,2
2,踪,ソウ,1,0
2,蹴,シュウ、け-る,1,1
4,躍,ヤク、おど-る,1,1
8,身,シン、み,1,1
10,車,シャ、くるま,1,1
3,軌,キ,1,0
7,軍,グン,1,0
4,軒,ケン、のき,1,1
2.5,軟,ナン、やわ-らか、やわ-らかい,1,2
8,転,テン、ころ-がる、ころ-げる、ころ-がす、ころ-ぶ,1,4
3,軸,ジク,1,0
8,軽,ケイ、かる-い、かろ-やか,1,2
4,較,カク,1,0
4,載,サイ、の-せる、の-る,1,2
4,輝,キ、かがや-く,1,1
4,輩,ハイ,1,0
7,輪,リン、わ,1,1
6,輸,ユ,1,0
2.5,轄,カツ,1,0
3,辛,シン、から-い,1,1
7,辞,ジ、や-める,1,1
2,辣,ラツ,1,0
3,辱,ジョク、はずかし-める,1,1
8,農,ノウ,1,0
7,辺,ヘン、あた-り、べ,1,2
4,込,こ-む、こ-める,0,2
2.5,迅,ジン,1,0
4,迎,ゲイ、むか-える,1,1
9,近,キン、ちか-い,1,1
8,返,ヘン、かえ-す、かえ-る,1,2
4,迫,ハク、せま-る,1,1
2.5,迭,テツ,1,0
6,述,ジュツ、の-べる,1,1
6,迷,メイ、まよ-う,1,1
8,追,ツイ、お-う,1,1
5,退,タイ、しりぞ-く、しりぞ-ける,1,2
8,送,ソウ、おく-る,1,1
4,逃,トウ、に-げる、に-がす、のが-す、のが-れる,1,4
6,逆,ギャク、さか、さか-らう,1,2
4,透,トウ、す-く、す-かす、す-ける,1,3
2.5,逐,チク,1,0
2.5,逓,テイ,1,0
4,途,ト,1,0
9,通,ツウ、[ツ]、とお-る、とお-す、かよ-う,2,3
2.5,逝,セイ、ゆ-く、い-く,1,2
8,速,ソク、はや-い、はや-める、はや-まる、すみ-やか,1,4
6,造,ゾウ、つく-る,1,1
7,連,レン、つら-なる、つら-ねる、つ-れる,1,3
3,逮,タイ,1,0
9,週,シュウ,1,0
8,進,シン、すす-む、すす-める,1,2
2.5,逸,イツ,1,0
3,遂,スイ、と-げる,1,1
4,遅,チ、おく-れる、おく-らす、おそ-い,1,3
3,遇,グウ,1,0
8,遊,ユウ、[ユ]、あそ-ぶ,2,1
8,運,ウン、はこ-ぶ,1,1
2.5,遍,ヘン,1,0
6,過,カ、す-ぎる、す-ごす、あやま-つ、あやま-ち,1,4
9,道,ドウ、[トウ]、みち,2,1
7,達,タツ,1,0
4,違,イ、ちが-う、ちが-える,1,2
2,遜,ソン,1,0
9,遠,エン、[オン]、とお-い,2,1
2,遡,ソ、さかのぼ-る,1,1
4,遣,ケン、つか-う、つか-わす,1,2
6,適,テキ,1,0
3,遭,ソウ、あ-う,1,1
2.5,遮,シャ、さえぎ-る,1,1
3,遵,ジュン,1,0
2.5,遷,セン,1,0
7,選,セン、えら-ぶ,1,1
5,遺,イ、[ユイ],2,0
4,避,ヒ、さ-ける,1,1
2.5,還,カン,1,0
2,那,ナ,1,0
3,邦,ホウ,1,0
3,邪,ジャ,1,0
2.5,邸,テイ,1,0
3,郊,コウ,1,0
4,郎,ロウ,1,0
7,郡,グン,1,0
8,部,ブ,1,0
3,郭,カク,1,0
5,郵,ユウ,1,0
5,郷,キョウ、ゴウ,2,0
8,都,ト、ツ、みやこ,2,1
2.5,酌,シャク、く-む,1,1
8,配,ハイ、くば-る,1,1
2,酎,チュウ,1,0
8,酒,シュ、さけ、[さか],1,2
3,酔,スイ、よ-う,1,1
2.5,酢,サク、す,1,1
2.5,酪,ラク,1,0
2.5,酬,シュウ,1,0
3,酵,コウ,1,0
2.5,酷,コク,1,0
6,酸,サン、す-い,1,1
2,醒,セイ,1,0
2.5,醜,シュウ、みにく-い,1,1
2.5,醸,ジョウ、かも-す,1,1
2,采,サイ,1,0
4,釈,シャク,1,0
9,里,リ、さと,1,1
8,重,ジュウ、チョウ、え、おも-い、かさ-ねる、かさ-なる,2,4
9,野,ヤ、の,1,1
7,量,リョウ、はか-る,1,1
10,金,キン、コン、かね、[かな],2,2
2,釜,かま,0,1
5,針,シン、はり,1,1
2.5,釣,チョウ、つ-る,1,1
4,鈍,ドン、にぶ-い、にぶ-る,1,2
2.5,鈴,レイ、リン、すず,2,1
8,鉄,テツ,1,0
4,鉛,エン、なまり,1,1
2.5,鉢,ハチ、[ハツ],2,0
6,鉱,コウ,1,0
8,銀,ギン,1,0
2.5,銃,ジュウ,1,0
6,銅,ドウ,1,0
2.5,銘,メイ,1,0
5,銭,セン、ぜに,1,1
4,鋭,エイ、するど-い,1,1
3,鋳,チュウ、い-る,1,1
5,鋼,コウ、はがね,1,1
3,錠,ジョウ,1,0
2,錦,キン、にしき,1,1
3,錬,レン,1,0
2,錮,コ,1,0
3,錯,サク,1,0
7,録,ロク,1,0
2,鍋,なべ,0,1
3,鍛,タン、きた-える,1,1
2,鍵,ケン、かぎ,1,1
2,鎌,かま,0,1
4,鎖,サ、くさり,1,1
3,鎮,チン、しず-める、しず-まる,1,2
7,鏡,キョウ、かがみ,1,1
3,鐘,ショウ、かね,1,1
4,鑑,カン、かんが-みる,1,1
9,長,チョウ、なが-い,1,1
9,門,モン、かど,1,1
5,閉,ヘイ、と-じる、と-ざす、し-める、し-まる,1,4
8,開,カイ、ひら-く、ひら-ける、あ-く、あ-ける,1,4
2.5,閑,カン,1,0
9,間,カン、ケン、あいだ、ま,2,2
7,関,カン、せき、かか-わる,1,2
5,閣,カク,1,0
2.5,閥,バツ,1,0
3,閲,エツ,1,0
2,闇,やみ,0,1
4,闘,トウ、たたか-う,1,1
7,阜,[フ],1,0
7,阪,ハン,1,0
6,防,ボウ、ふせ-ぐ,1,1
3,阻,ソ、はば-む,1,1
2.5,附,フ,1,0
5,降,コウ、お-りる、お-ろす、ふ-る,1,3
6,限,ゲン、かぎ-る,1,1
5,陛,ヘイ,1,0
8,院,イン,1,0
4,陣,ジン,1,0
5,除,ジョ、[ジ]、のぞ-く,2,1
2.5,陥,カン、おちい-る、おとしい-れる,1,2
3,陪,バイ,1,0
4,陰,イン、かげ、かげ-る,1,2
3,陳,チン,1,0
3,陵,リョウ、みささぎ,1,1
3,陶,トウ,1,0
7,陸,リク,1,0
6,険,ケン、けわ-しい,1,1
8,陽,ヨウ,1,0
2.5,隅,グウ、すみ,1,1
3,隆,リュウ,1,0
7,隊,タイ,1,0
8,階,カイ,1,0
3,随,ズイ,1,0
3,隔,カク、へだ-てる、へだ-たる,1,2
2,隙,ゲキ、すき,1,1
6,際,サイ、きわ,1,1
5,障,ショウ、さわ-る,1,1
4,隠,イン、かく-す、かく-れる,1,2
4,隣,リン、とな-る、となり,1,2
4,隷,レイ,1,0
3,隻,セキ,1,0
4,雄,ユウ、お、おす,1,2
4,雅,ガ,1,0
8,集,シュウ、あつ-まる、あつ-める、つど-う,1,3
3,雇,コ、やと-う,1,1
4,雌,シ、め、めす,1,2
6,雑,ザツ、ゾウ,2,0
4,離,リ、はな-れる、はな-す,1,2
5,難,ナン、かた-い、むずか-しい,1,2
10,雨,ウ、あめ、[あま],1,2
9,雪,セツ、ゆき,1,1
2.5,雰,フン,1,0
9,雲,ウン、くも,1,1
3,零,レイ,1,0
4,雷,ライ、かみなり,1,1
9,電,デン,1,0
4,需,ジュ,1,0
4,震,シン、ふる-う、ふる-える,1,2
3,霊,レイ、リョウ、たま,2,1
2.5,霜,ソウ、しも,1,1
4,霧,ム、きり,1,1
4,露,ロ、[ロウ]、つゆ,2,1
10,青,セイ、[ショウ]、あお、あお-い,2,2
7,静,セイ、[ジョウ]、しず、しず-か、しず-まる、しず-める,2,4
6,非,ヒ,1,0
8,面,メン、おも、おもて、つら,1,3
5,革,カク、かわ,1,1
2.5,靴,カ、くつ,1,1
2,韓,カン,1,0
10,音,オン、イン、おと、ね,2,2
2.5,韻,イン,1,0
4,響,キョウ、ひび-く,1,1
5,頂,チョウ、いただ-く、いただき,1,2
2,頃,ころ,0,1
4,項,コウ,1,0
7,順,ジュン,1,0
2,須,ス,1,0
5,預,ヨ、あず-ける、あず-かる,1,2
2.5,頑,ガン,1,0
2.5,頒,ハン,1,0
2,頓,トン,1,0
6,領,リョウ,1,0
2,頬,ほお,1,0
9,頭,トウ、ズ、[ト]、あたま、かしら,3,2
2.5,頻,ヒン,1,0
4,頼,ライ、たの-む、たの-もしい、たよ-る,1,3
8,題,ダイ,1,0
6,額,ガク、ひたい,1,1
2,顎,ガク、あご,1,1
9,顔,ガン、かお,1,1
2.5,顕,ケン,1,0
7,願,ガン、ねが-う,1,1
7,類,ルイ、たぐ-い,1,1
3,顧,コ、かえり-みる,1,1
9,風,フウ、[フ]、かぜ、[かざ],2,2
7,飛,ヒ、と-ぶ、と-ばす,1,2
9,食,ショク、[ジキ]、く-う、く-らう、た-べる,2,3
2.5,飢,キ、う-える,1,1
7,飯,ハン、めし,1,1
8,飲,イン、の-む,1,1
6,飼,シ、か-う,1,1
3,飽,ホウ、あ-きる、あ-かす,1,2
4,飾,ショク、かざ-る,1,1
2,餅,ヘイ、もち,1,1
7,養,ヨウ、やしな-う,1,1
2,餌,ジ、えさ、え,1,2
3,餓,ガ,1,0
8,館,カン、やかた,1,1
9,首,シュ、くび,1,1
7,香,コウ、[キョウ]、か、かお-り、かお-る,2,3
9,馬,バ、うま、[ま],1,2
2.5,駄,ダ,1,0
8,駅,エキ,1,0
4,駆,ク、か-ける、か-る,1,2
3,駐,チュウ,1,0
2,駒,こま,0,1
3,騎,キ,1,0
4,騒,ソウ、さわ-ぐ,1,1
7,験,ケン、[ゲン],2,0
2.5,騰,トウ,1,0
4,驚,キョウ、おどろ-く、おどろ-かす,1,2
5,骨,コツ、ほね,1,1
2,骸,ガイ,1,0
3,髄,ズイ,1,0
9,高,コウ、たか-い、たか、たか-まる、たか-める,1,4
4,髪,ハツ、かみ,1,1
2,鬱,ウツ,1,0
4,鬼,キ、おに,1,1
3,魂,コン、たましい,1,1
3,魅,ミ,1,0
3,魔,マ,1,0
9,魚,ギョ、うお、さかな,1,2
4,鮮,セン、あざ-やか,1,1
3,鯨,ゲイ、くじら,1,1
9,鳥,チョウ、とり,1,1
9,鳴,メイ、な-く、な-る、な-らす,1,3
3,鶏,ケイ、にわとり,1,1
2,鶴,つる,1,0
7,鹿,しか、[か],0,2
2,麓,ロク、ふもと,1,1
4,麗,レイ、うるわ-しい,1,1
9,麦,バク、むぎ,1,1
2,麺,メン,1,0
2.5,麻,マ、あさ,1,1
9,黄,コウ、オウ、き、[こ],2,2
9,黒,コク、くろ、くろ-い,1,2
4,黙,モク、だま-る,1,1
4,鼓,コ、つづみ,1,1
8,鼻,ビ、はな,1,1
4,齢,レイ,1,0