一,イチ、イツ、ひと、ひと-つ,2,2
丁,チョウ、テイ,2,0
七,シチ、なな、なな-つ、[なの],1,3
万,マン、バン,2,0
丈,ジョウ、たけ,1,1
三,サン、み、み-つ、みっ-つ,1,3
上,ジョウ、[ショウ]、うえ、[うわ]、かみ、あ-げる、あ-がる、のぼ-る、のぼ-せる、のぼ-す,2,8
下,カ、ゲ、した、しも、もと、さ-げる、さ-がる、くだ-る、くだ-す、くだ-さる、お-ろす、お-りる,2,10
不,フ、ブ,2,0
与,ヨ、あた-える,1,1
且,か-つ,0,1
世,セイ、セ、よ,2,1
丘,キュウ、おか,1,1
丙,ヘイ,1,0
両,リョウ,1,0
並,ヘイ、なみ、なら-べる、なら-ぶ、なら-びに,1,4
中,チュウ、[ジュウ]、なか,1,1
串,くし,0,1
丸,ガン、まる、まる-い、まる-める,1,3
丹,タン,1,0
主,シュ、[ス]、ぬし、おも,2,2
丼,どんぶり、[どん],0,2
久,キュウ、[ク]、ひさ-しい,2,1
乏,ボウ、とぼ-しい,1,1
乗,ジョウ、の-る、の-せる,1,2
乙,オツ,1,0
九,キュウ、ク、ここの、ここの-つ,2,2
乞,こ-う,0,1
乱,ラン、みだ-れる、みだ-す,1,2
乳,ニュウ、ちち、ち,1,2
乾,カン、かわ-く、かわ-かす,1,2
亀,キ、かめ,1,1
了,リョウ,1,0
予,ヨ,1,0
争,ソウ、あらそ-う,1,1
事,ジ、[ズ]、こと,2,1
二,ニ、ふた、ふた-つ,1,2
互,ゴ、たが-い,1,1
五,ゴ、いつ、いつ-つ,1,2
井,セイ、[ショウ]、い,2,1
亜,ア,1,0
亡,ボウ、[モウ]、な-い,2,1
交,コウ、まじ-わる、まじ-える、ま-じる、ま-ざる、ま-ぜる、か-う、か-わす,1,7
享,キョウ,1,0
京,キョウ、ケイ,2,0
亭,テイ,1,0
人,ジン、ニン、ひと,2,1
仁,ジン、[ニ],2,0
今,コン、キン、いま,2,1
介,カイ,1,0
仏,ブツ、ほとけ,1,1
仕,シ、[ジ]、つか-える,2,1
他,タ、ほか,1,1
付,フ、つ-ける、つ-く,1,2
仙,セン,1,0
代,ダイ、タイ、か-わる、か-える、よ、しろ,2,4
令,レイ,1,0
以,イ,1,0
仮,カ、[ケ]、かり,2,1
仰,ギョウ、[コウ]、あお-ぐ、おお-せ,2,2
仲,チュウ、なか,1,1
件,ケン,1,0
任,ニン、まか-せる、まか-す,1,2
企,キ、くわだ-てる,1,1
伎,キ,1,0
伏,フク、ふ-せる、ふ-す,1,2
伐,バツ,1,0
休,キュウ、やす-む、やす-まる、やす-める,1,3
会,カイ、エ、あ-う,2,1
伝,デン、つた-わる、つた-える、つた-う,1,3
伯,ハク,1,0
伴,ハン、バン、ともな-う,2,1
伸,シン、の-びる、の-ばす、の-べる,1,3
伺,シ、うかが-う,1,1
似,ジ、に-る,1,1
但,ただ-し,0,1
位,イ、くらい,1,1
低,テイ、ひく-い、ひく-める、ひく-まる,1,3
住,ジュウ、す-む、す-まう,1,2
佐,サ,1,0
体,タイ、テイ、からだ,2,1
何,カ、なに、[なん],1,2
余,ヨ、あま-る、あま-す,1,2
作,サク、サ、つく-る,2,1
佳,カ,1,0
併,ヘイ、あわ-せる,1,1
使,シ、つか-う,1,1
例,レイ、たと-える,1,1
侍,ジ、さむらい,1,1
供,キョウ、[ク]、そな-える、とも,2,2
依,イ、[エ],2,0
価,カ、あたい,1,1
侮,ブ、あなど-る,1,1
侯,コウ,1,0
侵,シン、おか-す,1,1
侶,リョ,1,0
便,ベン、ビン、たよ-り,2,1
係,ケイ、かか-る、かかり,1,2
促,ソク、うなが-す,1,1
俊,シュン,1,0
俗,ゾク,1,0
保,ホ、たも-つ,1,1
信,シン,1,0
修,シュウ、[シュ]、おさ-める、おさ-まる,2,2
俳,ハイ,1,0
俵,ヒョウ、たわら,1,1
俸,ホウ,1,0
俺,おれ,0,1
倉,ソウ、くら,1,1
個,コ,1,0
倍,バイ,1,0
倒,トウ、たお-れる、たお-す,1,2
候,コウ、そうろう,1,1
借,シャク、か-りる,1,1
倣,ホウ、なら-う,1,1
値,チ、ね、あたい,1,2
倫,リン,1,0
倹,ケン,1,0
偉,イ、えら-い,1,1
偏,ヘン、かたよ-る,1,1
停,テイ,1,0
健,ケン、すこ-やか,1,1
側,ソク、がわ,1,1
偵,テイ,1,0
偶,グウ,1,0
偽,ギ、いつわ-る、にせ,1,2
傍,ボウ、かたわ-ら,1,1
傑,ケツ,1,0
傘,サン、かさ,1,1
備,ビ、そな-える、そな-わる,1,2
催,サイ、もよお-す,1,1
傲,ゴウ,1,0
債,サイ,1,0
傷,ショウ、きず、いた-む、いた-める,1,3
傾,ケイ、かたむ-く、かたむ-ける,1,2
僅,キン、わず-か,1,1
働,ドウ、はたら-く,1,1
像,ゾウ,1,0
僕,ボク,1,0
僚,リョウ,1,0
僧,ソウ,1,0
儀,ギ,1,0
億,オク,1,0
儒,ジュ,1,0
償,ショウ、つぐな-う,1,1
優,ユウ、やさ-しい、すぐ-れる,1,2
元,ゲン、ガン、もと,2,1
兄,ケイ、[キョウ]、あに,2,1
充,ジュウ、あ-てる,1,1
兆,チョウ、きざ-す、きざ-し,1,2
先,セン、さき,1,1
光,コウ、ひか-る、ひかり,1,2
克,コク,1,0
免,メン、まぬか-れる,1,1
児,ジ、[ニ],2,0
党,トウ,1,0
入,ニュウ、い-る、い-れる、はい-る,1,3
全,ゼン、まった-く、すべ-て,1,2
八,ハチ、や、や-つ、やっ-つ、[よう],1,4
公,コウ、おおやけ,1,1
六,ロク、む、む-つ、むっ-つ、[むい],1,4
共,キョウ、とも,1,1
兵,ヘイ、ヒョウ,2,0
具,グ,1,0
典,テン,1,0
兼,ケン、か-ねる,1,1
内,ナイ、[ダイ]、うち,2,1
円,エン、まる-い,1,1
冊,サツ、サク,2,0
再,サイ、[サ]、ふたた-び,2,1
冒,ボウ、おか-す,1,1
冗,ジョウ,1,0
写,シャ、うつ-す、うつ-る,1,2
冠,カン、かんむり,1,1
冥,メイ、ミョウ,2,0
冬,トウ、ふゆ,1,1
冶,ヤ,1,0
冷,レイ、つめ-たい、ひ-える、ひ-や、ひ-やす、ひ-やかす、さ-める、さ-ます,1,7
凄,セイ,1,0
准,ジュン,1,0
凍,トウ、こお-る、こご-える,1,2
凝,ギョウ、こ-る、こ-らす,1,2
凡,ボン、[ハン],2,0
処,ショ,1,0
凶,キョウ,1,0
凸,トツ,1,0
凹,オウ,1,0
出,シュツ、[スイ]、で-る、だ-す,2,2
刀,トウ、かたな,1,1
刃,ジン、は,1,1
分,ブン、フン、ブ、わ-ける、わ-かれる、わ-かる、わ-かつ,3,4
切,セツ、[サイ]、き-る、き-れる,2,2
刈,か-る,0,1
刊,カン,1,0
刑,ケイ,1,0
列,レツ,1,0
初,ショ、はじ-め、はじ-めて、はつ、うい、そ-める,1,5
判,ハン、バン,2,0
別,ベツ、わか-れる,1,1
利,リ、き-く,1,1
到,トウ,1,0
制,セイ,1,0
刷,サツ、す-る,1,1
券,ケン,1,0
刹,サツ、セツ,2,0
刺,シ、さ-す、さ-さる,1,2
刻,コク、きざ-む,1,1
則,ソク,1,0
削,サク、けず-る,1,1
前,ゼン、まえ,1,1
剖,ボウ,1,0
剛,ゴウ,1,0
剣,ケン、つるぎ,1,1
剤,ザイ,1,0
剥,ハク、は-がす、は-ぐ、は-がれる、は-げる,1,4
副,フク,1,0
剰,ジョウ,1,0
割,カツ、わ-る、わり、わ-れる、さ-く,1,4
創,ソウ、つく-る,1,1
劇,ゲキ,1,0
力,リョク、リキ、ちから,2,1
功,コウ、[ク],2,0
加,カ、くわ-える、くわ-わる,2,2
劣,レツ、おと-る,1,1
助,ジョ、たす-ける、たす-かる、すけ,1,3
努,ド、つと-める,1,1
励,レイ、はげ-む、はげ-ます,1,2
労,ロウ,1,0
効,コウ、き-く,1,1
劾,ガイ,1,0
勃,ボツ,1,0
勅,チョク,1,0
勇,ユウ、いさ-む,1,1
勉,ベン,1,0
動,ドウ、うご-く、うご-かす,1,2
勘,カン,1,0
務,ム、つと-める、つと-まる,1,2
勝,ショウ、か-つ、まさ-る,1,2
募,ボ、つの-る,1,1
勢,セイ、いきお-い,1,1
勤,キン、[ゴン]、つと-める、つと-まる,2,2
勧,カン、すす-める,1,1
勲,クン,1,0
勾,コウ,1,0
匂,にお-う,0,1
包,ホウ、つつ-む,1,1
化,カ、ケ、ば-ける、ば-かす,2,2
北,ホク、きた,1,1
匠,ショウ,1,0
匹,ヒツ、ひき,1,1
区,ク,1,0
医,イ,1,0
匿,トク,1,0
十,ジュウ、ジッ、とお、と,2,2
千,セン、ち,1,1
升,ショウ、ます,1,1
午,ゴ,1,0
半,ハン、なか-ば,1,1
卑,ヒ、いや-しい、いや-しむ、いや-しめる,1,3
卒,ソツ,1,0
卓,タク,1,0
協,キョウ,1,0
南,ナン、[ナ]、みなみ,2,1
単,タン,1,0
博,ハク、[バク],2,0
占,セン、し-める、うらな-う,1,2
印,イン、しるし,1,1
危,キ、あぶ-ない、あや-うい、あや-ぶむ,1,3
即,ソク,1,0
却,キャク,1,0
卵,ラン、たまご,1,1
卸,おろ-す、おろし,0,2
厄,ヤク,1,0
厘,リン,1,0
厚,コウ、あつ-い,1,1
原,ゲン、はら,1,1
厳,ゲン、[ゴン]、おごそ-か、きび-しい,2,2
去,キョ、コ、さ-る,2,1
参,サン、まい-る,1,1
又,また,0,1
及,キュウ、およ-ぶ、およ-び、およ-ぼす,1,3
友,ユウ、とも,1,1
双,ソウ、ふた,1,1
反,ハン、[ホン]、[タン]、そ-る、そ-らす,3,2
収,シュウ、おさ-める、おさ-まる,1,2
叔,シュク,1,0
取,シュ、と-る,1,1
受,ジュ、う-ける、う-かる,1,2
叙,ジョ,1,0
口,コウ、ク、くち,2,1
古,コ、ふる-い、ふる-す,1,2
句,ク,1,0
叫,キョウ、さけ-ぶ,1,1
召,ショウ、め-す,1,1
可,カ,1,0
台,ダイ、タイ,2,0
叱,シツ、しか-る,1,1
史,シ,1,0
右,ウ、ユウ、みぎ,2,1
号,ゴウ,1,0
司,シ,1,0
各,カク、おのおの,1,1
合,ゴウ、ガッ、[カッ]、あ-う、あ-わす、あ-わせる,3,3
吉,キチ、キツ,2,0
同,ドウ、おな-じ,1,1
名,メイ、ミョウ、な,2,1
后,コウ,1,0
吏,リ,1,0
吐,ト、は-く,1,1
向,コウ、む-く、む-ける、む-かう、む-こう,1,4
君,クン、きみ,1,1
吟,ギン,1,0
否,ヒ、いな,1,1
含,ガン、ふく-む、ふく-める,1,2
吸,キュウ、す-う,1,1
吹,スイ、ふ-く,1,1
呂,ロ,1,0
呈,テイ,1,0
呉,ゴ,1,0
告,コク、つ-げる,1,1
周,シュウ、まわ-り,1,1
呪,ジュ、のろ-う,1,1
味,ミ、あじ、あじ-わう,1,2
呼,コ、よ-ぶ,1,1
命,メイ、ミョウ、いのち,2,1
和,ワ、[オ]、やわ-らぐ、やわ-らげる、なご-む、なご-やか,2,4
咲,さ-く,0,1
咽,イン,1,0
哀,アイ、あわ-れ、あわ-れむ,1,2
品,ヒン、しな,1,1
員,イン,1,0
哲,テツ,1,0
哺,ホ,1,0
唄,[うた],0,1
唆,サ、そそのか-す,1,1
唇,シン、くちびる,1,1
唐,トウ、から,1,1
唯,ユイ、[イ],2,0
唱,ショウ、とな-える,1,1
唾,ダ、つば,1,1
商,ショウ、あきな-う,1,1
問,モン、と-う、と-い、[とん],1,3
啓,ケイ,1,0
善,ゼン、よ-い,1,1
喉,コウ、のど,1,1
喚,カン,1,0
喜,キ、よろこ-ぶ,1,1
喝,カツ,1,0
喩,ユ,1,0
喪,ソウ、も,1,1
喫,キツ,1,0
営,エイ、いとな-む,1,1
嗅,キュウ、か-ぐ,1,1
嗣,シ,1,0
嘆,タン、なげ-く、なげ-かわしい,1,2
嘱,ショク,1,0
嘲,チョウ、あざけ-る,1,1
器,キ、うつわ,1,1
噴,フン、ふ-く,1,1
嚇,カク,1,0
囚,シュウ,1,0
四,シ、よ、よ-つ、よっ-つ、よん,1,4
回,カイ、[エ]、まわ-る、まわ-す,2,2
因,イン、よ-る,1,1
団,ダン、[トン],2,0
困,コン、こま-る,1,1
囲,イ、かこ-む、かこ-う,1,2
図,ズ、ト、はか-る,2,1
固,コ、かた-める、かた-まる、かた-い,1,3
国,コク、くに,1,1
圏,ケン,1,0
園,エン、その,1,1
土,ド、ト、つち,2,1
圧,アツ,1,0
在,ザイ、あ-る,1,1
地,チ、ジ,2,0
坂,ハン、さか,1,1
均,キン,1,0
坊,ボウ、[ボッ],2,0
坑,コウ,1,0
坪,つぼ,0,1
垂,スイ、た-れる、た-らす,1,2
型,ケイ、かた,1,1
垣,かき,0,1
埋,マイ、う-める、う-まる、う-もれる,1,3
城,ジョウ、しろ,1,1
域,イキ,1,0
執,シツ、シュウ、と-る,2,1
培,バイ、つちか-う,1,1
基,キ、もと、もとい,1,2
埼,[さい],0,1
堀,ほり,0,1
堂,ドウ,1,0
堅,ケン、かた-い,1,1
堆,タイ,1,0
堕,ダ,1,0
堤,テイ、つつみ,1,1
堪,カン、た-える,1,1
報,ホウ、むく-いる,1,1
場,ジョウ、ば,1,1
塀,ヘイ,1,0
塁,ルイ,1,0
塊,カイ、かたまり,1,1
塑,ソ,1,0
塔,トウ,1,0
塗,ト、ぬ-る,1,1
塚,つか,0,1
塞,サイ、ソク、ふさ-ぐ、ふさ-がる,2,2
塩,エン、しお,1,1
填,テン,1,0
塾,ジュク,1,0
境,キョウ、[ケイ]、さかい,2,1
墓,ボ、はか,1,1
増,ゾウ、ま-す、ふ-える、ふ-やす,1,3
墜,ツイ,1,0
墨,ボク、すみ,1,1
墳,フン,1,0
墾,コン,1,0
壁,ヘキ、かべ,1,1
壇,ダン、[タン],2,0
壊,カイ、こわ-す、こわ-れる,1,2
壌,ジョウ,1,0
士,シ,1,0
壮,ソウ,1,0
声,セイ、[ショウ]、こえ、[こわ],2,2
壱,イチ,1,0
売,バイ、う-る、う-れる,1,2
変,ヘン、か-わる、か-える,1,2
夏,カ、[ゲ]、なつ,2,1
夕,セキ、ゆう,1,1
外,ガイ、ゲ、そと、ほか、はず-す、はず-れる,2,4
多,タ、おお-い,1,1
夜,ヤ、よ、よる,1,2
夢,ム、ゆめ,1,1
大,ダイ、タイ、おお、おお-きい、おお-いに,2,3
天,テン、あめ、[あま],1,2
太,タイ、タ、ふと-い、ふと-る,2,2
夫,フ、[フウ]、おっと,2,1
央,オウ,1,0
失,シツ、うしな-う,1,1
奇,キ,1,0
奈,ナ,1,0
奉,ホウ、[ブ]、たてまつ-る,2,1
奏,ソウ、かな-でる,1,1
契,ケイ、ちぎ-る,1,1
奔,ホン,1,0
奥,オウ、おく,1,1
奨,ショウ,1,0
奪,ダツ、うば-う,1,1
奮,フン、ふる-う,1,1
女,ジョ、ニョ、[ニョウ]、おんな、め,3,2
奴,ド,1,0
好,コウ、この-む、す-く,1,2
如,ジョ、ニョ,2,0
妃,ヒ,1,0
妄,モウ、ボウ,2,0
妊,ニン,1,0
妖,ヨウ、あや-しい,1,1
妙,ミョウ,1,0
妥,ダ,1,0
妨,ボウ、さまた-げる,1,1
妬,ト、ねた-む,1,1
妹,マイ、いもうと,1,1
妻,サイ、つま,1,1
姉,シ、あね,1,1
始,シ、はじ-める、はじ-まる,1,2
姓,セイ、ショウ,2,0
委,イ、ゆだ-ねる,1,1
姫,ひめ,0,1
姻,イン,1,0
姿,シ、すがた,1,1
威,イ,1,0
娘,むすめ,0,1
娠,シン,1,0
娯,ゴ,1,0
婆,バ,1,0
婚,コン,1,0
婦,フ,1,0
婿,セイ、むこ,1,1
媒,バイ,1,0
媛,エン,1,0
嫁,カ、よめ、とつ-ぐ,1,2
嫉,シツ,1,0
嫌,ケン、[ゲン]、きら-う、いや,2,2
嫡,チャク,1,0
嬢,ジョウ,1,0
子,シ、ス、こ,2,1
孔,コウ,1,0
字,ジ、あざ,1,1
存,ソン、ゾン,2,0
孝,コウ,1,0
季,キ,1,0
孤,コ,1,0
学,ガク、まな-ぶ,1,1
孫,ソン、まご,1,1
宅,タク,1,0
宇,ウ,1,0
守,シュ、[ス]、まも-る、も-り,2,2
安,アン、やす-い,1,1
完,カン,1,0
宗,シュウ、ソウ,2,0
官,カン,1,0
宙,チュウ,1,0
定,テイ、ジョウ、さだ-める、さだ-まる、さだ-か,2,3
宛,あ-てる,0,1
宜,ギ,1,0
宝,ホウ、たから,1,1
実,ジツ、み、みの-る,1,2
客,キャク、カク,2,0
宣,セン,1,0
室,シツ、むろ,1,1
宮,キュウ、グウ、[ク]、みや,3,1
宰,サイ,1,0
害,ガイ,1,0
宴,エン,1,0
宵,ショウ、よい,1,1
家,カ、ケ、いえ、や,2,2
容,ヨウ,1,0
宿,シュク、やど、やど-る、やど-す,1,3
寂,ジャク、[セキ]、さび、さび-しい、さび-れる,2,3
寄,キ、よ-る、よ-せる,1,2
密,ミツ,1,0
富,フ、[フウ]、と-む、とみ,2,2
寒,カン、さむ-い,1,1
寛,カン,1,0
寝,シン、ね-る、ね-かす,1,2
察,サツ,1,0
寡,カ,1,0
寧,ネイ,1,0
審,シン,1,0
寮,リョウ,1,0
寸,スン,1,0
寺,ジ、てら,1,1
対,タイ、ツイ,2,0
寿,ジュ、ことぶき,1,1
封,フウ、ホウ,2,0
専,セン、もっぱ-ら,1,1
射,シャ、い-る,1,1
将,ショウ,1,0
尉,イ,1,0
尊,ソン、たっと-い、とうと-い、たっと-ぶ、とうと-ぶ,1,4
尋,ジン、たず-ねる,1,1
導,ドウ、みちび-く,1,1
小,ショウ、ちい-さい、こ、お,1,3
少,ショウ、すく-ない、すこ-し,1,2
尚,ショウ,1,0
就,シュウ、[ジュ]、つ-く、つ-ける,2,2
尺,シャク,1,0
尻,しり,0,1
尼,ニ、あま,1,1
尽,ジン、つ-くす、つ-きる、つ-かす,1,3
尾,ビ、お,1,1
尿,ニョウ,1,0
局,キョク,1,0
居,キョ、い-る,1,1
屈,クツ,1,0
届,とど-ける、とど-く,0,2
屋,オク、や,1,1
展,テン,1,0
属,ゾク,1,0
層,ソウ,1,0
履,リ、は-く,1,1
屯,トン,1,0
山,サン、やま,1,1
岐,キ,1,0
岡,[おか],0,1
岩,ガン、いわ,1,1
岬,みさき,0,1
岳,ガク、たけ,1,1
岸,ガン、きし,1,1
峠,とうげ,0,1
峡,キョウ,1,0
峰,ホウ、みね,1,1
島,トウ、しま,1,1
崇,スウ,1,0
崎,さき,0,1
崖,ガイ、がけ,1,1
崩,ホウ、くず-れる、くず-す,1,2
嵐,あらし,0,1
川,セン、かわ,1,1
州,シュウ、す,1,1
巡,ジュン、めぐ-る,1,1
巣,ソウ、す,1,1
工,コウ、ク,2,0
左,サ、ひだり,1,1
巧,コウ、たく-み,1,1
巨,キョ,1,0
差,サ、さ-す,1,1
己,コ、キ、おのれ,2,1
巻,カン、ま-く、まき,1,2
巾,キン,1,0
市,シ、いち,1,1
布,フ、ぬの,1,1
帆,ハン、ほ,1,1
希,キ,1,0
帝,テイ,1,0
帥,スイ,1,0
師,シ,1,0
席,セキ,1,0
帯,タイ、お-びる、おび,1,2
帰,キ、かえ-る、かえ-す,1,2
帳,チョウ,1,0
常,ジョウ、つね、とこ,1,2
帽,ボウ,1,0
幅,フク、はば,1,1
幕,マク、バク,2,0
幣,ヘイ,1,0
干,カン、ほ-す、ひ-る,1,2
平,ヘイ、ビョウ、たい-ら、ひら,2,2
年,ネン、とし,1,1
幸,コウ、さいわ-い、さち、しあわ-せ,1,3
幹,カン、みき,1,1
幻,ゲン、まぼろし,1,1
幼,ヨウ、おさな-い,1,1
幽,ユウ,1,0
幾,キ、いく,1,1
庁,チョウ,1,0
広,コウ、ひろ-い、ひろ-まる、ひろ-める、ひろ-がる、ひろ-げる,1,5
床,ショウ、とこ、ゆか,1,2
序,ジョ,1,0
底,テイ、そこ,1,1
店,テン、みせ,1,1
府,フ,1,0
度,ド、[ト]、[タク]、たび,3,1
座,ザ、すわ-る,1,1
庫,コ、[ク],2,0
庭,テイ、にわ,1,1
庶,ショ,1,0
康,コウ,1,0
庸,ヨウ,1,0
廃,ハイ、すた-れる、すた-る,1,2
廉,レン,1,0
廊,ロウ,1,0
延,エン、の-びる、の-べる、の-ばす,1,3
廷,テイ,1,0
建,ケン、[コン]、た-てる、た-つ,2,2
弁,ベン,1,0
弄,ロウ、もてあそ-ぶ,1,1
弊,ヘイ,1,0
式,シキ,1,0
弐,ニ,1,0
弓,キュウ、ゆみ,1,1
弔,チョウ、とむら-う,1,1
引,イン、ひ-く、ひ-ける,1,2
弟,テイ、[ダイ]、[デ]、おとうと,3,1
弥,や,0,1
弦,ゲン、つる,1,1
弧,コ,1,0
弱,ジャク、よわ-い、よわ-る、よわ-まる、よわ-める,1,4
張,チョウ、は-る,1,1
強,キョウ、ゴウ、つよ-い、つよ-まる、つよ-める、し-いる,2,4
弾,ダン、ひ-く、はず-む、たま,1,3
当,トウ、あ-たる、あ-てる,1,2
彙,イ,1,0
形,ケイ、ギョウ、かた、かたち,2,2
彩,サイ、いろど-る,1,1
彫,チョウ、ほ-る,1,1
彰,ショウ,1,0
影,エイ、かげ,1,1
役,ヤク、エキ,2,0
彼,ヒ、かれ、[かの],1,2
往,オウ,1,0
征,セイ,1,0
径,ケイ,1,0
待,タイ、ま-つ,1,1
律,リツ、[リチ],2,0
後,ゴ、コウ、のち、うし-ろ、あと、おく-れる,2,4
徐,ジョ,1,0
徒,ト,1,0
従,ジュウ、[ショウ]、[ジュ]、したが-う、したが-える,3,2
得,トク、え-る、う-る,1,2
御,ギョ、ゴ、おん,2,1
復,フク,1,0
循,ジュン,1,0
微,ビ,1,0
徳,トク,1,0
徴,チョウ,1,0
徹,テツ,1,0
心,シン、こころ,1,1
必,ヒツ、かなら-ず,1,1
忌,キ、い-む、い-まわしい,1,2
忍,ニン、しの-ぶ、しの-ばせる,1,2
志,シ、こころざ-す、こころざし,1,2
忘,ボウ、わす-れる,1,1
忙,ボウ、いそが-しい,1,1
応,オウ、こた-える,1,1
忠,チュウ,1,0
快,カイ、こころよ-い,1,1
念,ネン,1,0
怒,ド、いか-る、おこ-る,1,2
怖,フ、こわ-い,1,1
思,シ、おも-う,1,1
怠,タイ、おこた-る、なま-ける,1,2
急,キュウ、いそ-ぐ,1,1
性,セイ、ショウ,2,0
怨,エン、オン,2,0
怪,カイ、あや-しい、あや-しむ,1,2
恋,レン、こ-う、こい、こい-しい,1,3
恐,キョウ、おそ-れる、おそ-ろしい,1,2
恒,コウ,1,0
恣,シ,1,0
恥,チ、は-じる、はじ、は-じらう、は-ずかしい,1,4
恨,コン、うら-む、うら-めしい,1,2
恩,オン,1,0
恭,キョウ、うやうや-しい,1,1
息,ソク、いき,1,1
恵,ケイ、エ、めぐ-む,2,1
悔,カイ、く-いる、く-やむ、くや-しい,1,3
悟,ゴ、さと-る,1,1
悠,ユウ,1,0
患,カン、わずら-う,1,1
悦,エツ,1,0
悩,ノウ、なや-む、なや-ます,1,2
悪,アク、オ、わる-い,2,1
悲,ヒ、かな-しい、かな-しむ,1,2
悼,トウ、いた-む,1,1
情,ジョウ、[セイ]、なさ-け,2,1
惑,ワク、まど-う,1,1
惜,セキ、お-しい、お-しむ,1,2
惧,グ,1,0
惨,サン、ザン、みじ-め,2,1
惰,ダ,1,0
想,ソウ、[ソ],2,0
愁,シュウ、うれ-える、うれ-い,1,2
愉,ユ,1,0
意,イ,1,0
愚,グ、おろ-か,1,1
愛,アイ,1,0
感,カン,1,0
慄,リツ,1,0
慈,ジ、いつく-しむ,1,1
態,タイ,1,0
慌,コウ、あわ-てる、あわ-ただしい,1,2
慎,シン、つつし-む,1,1
慕,ボ、した-う,1,1
慢,マン,1,0
慣,カン、な-れる、な-らす,1,2
慨,ガイ,1,0
慮,リョ,1,0
慰,イ、なぐさ-める、なぐさ-む,1,2
慶,ケイ,1,0
憂,ユウ、うれ-える、うれ-い、う-い,1,3
憎,ゾウ、にく-む、にく-い、にく-らしい、にく-しみ,1,4
憤,フン、いきどお-る,1,1
憧,ショウ、あこが-れる,1,1
憩,ケイ、いこ-い、いこ-う,1,2
憬,ケイ,1,0
憲,ケン,1,0
憶,オク,1,0
憾,カン,1,0
懇,コン、ねんご-ろ,1,1
懐,カイ、ふところ、なつ-かしい、なつ-かしむ、なつ-く、なつ-ける,1,5
懲,チョウ、こ-りる、こ-らす、こ-らしめる,1,3
懸,ケン、[ケ]、か-ける、か-かる,2,2
成,セイ、[ジョウ]、な-る、な-す,2,2
我,ガ、われ、わ,1,2
戒,カイ、いまし-める,1,1
戚,セキ,1,0
戦,セン、いくさ、たたか-う,1,2
戯,ギ、たわむ-れる,1,1
戴,タイ,1,0
戸,コ、と,1,1
戻,レイ、もど-す、もど-る,1,2
房,ボウ、ふさ,1,1
所,ショ、ところ,1,1
扇,セン、おうぎ,1,1
扉,ヒ、とびら,1,1
手,シュ、て、[た],1,2
才,サイ,1,0
打,ダ、う-つ,1,1
払,フツ、はら-う,1,1
扱,あつか-う,0,1
扶,フ,1,0
批,ヒ,1,0
承,ショウ、うけたまわ-る,1,1
技,ギ、わざ,1,1
抄,ショウ,1,0
把,ハ,1,0
抑,ヨク、おさ-える,1,1
投,トウ、な-げる,1,1
抗,コウ,1,0
折,セツ、お-る、おり、お-れる,1,3
抜,バツ、ぬ-く、ぬ-ける、ぬ-かす、ぬ-かる,1,4
択,タク,1,0
披,ヒ,1,0
抱,ホウ、だ-く、いだ-く、かか-える,1,3
抵,テイ,1,0
抹,マツ,1,0
押,オウ、お-す、お-さえる,1,2
抽,チュウ,1,0
担,タン、かつ-ぐ、にな-う,1,2
拉,ラ,1,0
拍,ハク、[ヒョウ],2,0
拐,カイ,1,0
拒,キョ、こば-む,1,1
拓,タク,1,0
拘,コウ,1,0
拙,セツ、つたな-い,1,1
招,ショウ、まね-く,1,1
拝,ハイ、おが-む,1,1
拠,キョ、コ,2,0
拡,カク,1,0
括,カツ,1,0
拭,ショク、ふ-く、ぬぐ-う,1,2
拳,ケン、こぶし,1,1
拶,サツ,1,0
拷,ゴウ,1,0
拾,シュウ、ジュウ、ひろ-う,2,1
持,ジ、も-つ,1,1
指,シ、ゆび、さ-す,1,2
挑,チョウ、いど-む,1,1
挙,キョ、あ-げる、あ-がる,1,2
挟,キョウ、はさ-む、はさ-まる,1,2
挨,アイ,1,0
挫,ザ,1,0
振,シン、ふ-る、ふ-るう、ふ-れる,1,3
挿,ソウ、さ-す,1,1
捉,ソク、とら-える,1,1
捕,ホ、と-らえる、と-らわれる、と-る、つか-まえる、つか-まる,1,5
捗,チョク,1,0
捜,ソウ、さが-す,1,1
捨,シャ、す-てる,1,1
据,す-える、す-わる,0,2
捻,ネン,1,0
掃,ソウ、は-く,1,1
授,ジュ、さず-ける、さず-かる,1,2
掌,ショウ,1,0
排,ハイ,1,0
掘,クツ、ほ-る,1,1
掛,か-ける、か-かる、かかり,0,3
採,サイ、と-る,1,1
探,タン、さぐ-る、さが-す,1,2
接,セツ、つ-ぐ,1,1
控,コウ、ひか-える,1,1
推,スイ、お-す,1,1
措,ソ,1,0
掲,ケイ、かか-げる,1,1
描,ビョウ、えが-く、か-く,1,2
提,テイ、さ-げる,1,1
揚,ヨウ、あ-げる、あ-がる,1,2
換,カン、か-える、か-わる,1,2
握,アク、にぎ-る,1,1
揮,キ,1,0
援,エン,1,0
揺,ヨウ、ゆ-れる、ゆ-る、ゆ-らぐ、ゆ-るぐ、ゆ-する、ゆ-さぶる、ゆ-すぶる,1,7
損,ソン、そこ-なう、そこ-ねる,1,2
搬,ハン,1,0
搭,トウ,1,0
携,ケイ、たずさ-える、たずさ-わる,1,2
搾,サク、しぼ-る,1,1
摂,セツ,1,0
摘,テキ、つ-む,1,1
摩,マ,1,0
摯,シ,1,0
撃,ゲキ、う-つ,1,1
撤,テツ,1,0
撮,サツ、と-る,1,1
撲,ボク,1,0
擁,ヨウ,1,0
操,ソウ、みさお、あやつ-る,1,2
擦,サツ、す-る、す-れる,1,2
擬,ギ,1,0
支,シ、ささ-える,1,1
改,カイ、あらた-める、あらた-まる,1,2
攻,コウ、せ-める,1,1
放,ホウ、はな-す、はな-つ、はな-れる、ほう-る,1,4
政,セイ、[ショウ]、まつりごと,2,1
故,コ、ゆえ,1,1
敏,ビン,1,0
救,キュウ、すく-う,1,1
敗,ハイ、やぶ-れる,1,1
教,キョウ、おし-える、おそ-わる,1,2
敢,カン,1,0
散,サン、ち-る、ち-らす、ち-らかす、ち-らかる,1,4
敬,ケイ、うやま-う,1,1
数,スウ、[ス]、かず、かぞ-える,2,2
整,セイ、ととの-える、ととの-う,1,2
敵,テキ、かたき,1,1
敷,フ、し-く,1,1
文,ブン、モン、ふみ,2,1
斉,セイ,1,0
斎,サイ,1,0
斑,ハン,1,0
斗,ト,1,0
料,リョウ,1,0
斜,シャ、なな-め,1,1
斤,キン,1,0
斥,セキ,1,0
斬,ザン、き-る,1,1
断,ダン、た-つ、ことわ-る,1,2
新,シン、あたら-しい、あら-た、にい,1,3
方,ホウ、かた,1,1
施,シ、セ、ほどこ-す,2,1
旅,リョ、たび,1,1
旋,セン,1,0
族,ゾク,1,0
旗,キ、はた,1,1
既,キ、すで-に,1,1
日,ニチ、ジツ、ひ、か,2,2
旦,タン、ダン,1,0
旧,キュウ,1,0
旨,シ、むね,1,1
早,ソウ、[サッ]、はや-い、はや-まる、はや-める,2,3
旬,ジュン、[シュン],2,0
旺,オウ,1,0
昆,コン,1,0
昇,ショウ、のぼ-る,1,1
明,メイ、ミョウ、あ-かり、あか-るい、あか-るむ、あか-らむ、あき-らか、あ-ける、あ-く、あ-くる、あ-かす,2,9
易,エキ、イ、やさ-しい,2,1
昔,セキ、[シャク]、むかし,2,1
星,セイ、[ショウ]、ほし,2,1
映,エイ、うつ-る、うつ-す、は-える,1,3
春,シュン、はる,1,1
昧,マイ,1,0
昨,サク,1,0
昭,ショウ,1,0
是,ゼ,1,0
昼,チュウ、ひる,1,1
時,ジ、とき,1,1
晩,バン,1,0
普,フ,1,0
景,ケイ,1,0
晴,セイ、は-れる、は-らす,1,2
晶,ショウ,1,0
暁,ギョウ、あかつき,1,1
暇,カ、ひま,1,1
暑,ショ、あつ-い,1,1
暖,ダン、あたた-か、あたた-かい、あたた-まる、あたた-める,1,4
暗,アン、くら-い,1,1
暦,レキ、こよみ,1,1
暫,ザン,1,0
暮,ボ、く-れる、く-らす,1,2
暴,ボウ、[バク]、あば-く、あば-れる,2,2
曇,ドン、くも-る,1,1
曖,アイ,1,0
曜,ヨウ,1,0
曲,キョク、ま-がる、ま-げる,1,2
更,コウ、さら、ふ-ける、ふ-かす,1,3
書,ショ、か-く,1,1
曹,ソウ,1,0
曽,ソウ、[ゾ],2,0
替,タイ、か-える、か-わる,1,2
最,サイ、もっと-も,1,1
月,ゲツ、ガツ、つき,2,1
有,ユウ、ウ、あ-る,2,1
服,フク,1,0
朕,チン,1,0
朗,ロウ、ほが-らか,1,1
望,ボウ、モウ、のぞ-む,2,1
朝,チョウ、あさ,1,1
期,キ、[ゴ],2,0
木,ボク、モク、き、[こ],2,2
未,ミ,1,0
末,マツ、バツ、すえ,2,1
本,ホン、もと,1,1
札,サツ、ふだ,1,1
朱,シュ,1,0
朴,ボク,1,0
机,キ、つくえ,1,1
朽,キュウ、く-ちる,1,1
杉,すぎ,0,1
材,ザイ,1,0
村,ソン、むら,1,1
束,ソク、たば,1,1
条,ジョウ,1,0
来,ライ、く-る、きた-る、きた-す,1,3
杯,ハイ、さかずき,1,1
東,トウ、ひがし,1,1
松,ショウ、まつ,1,1
板,ハン、バン、いた,2,1
析,セキ,1,0
枕,まくら,0,1
林,リン、はやし,1,1
枚,マイ,1,0
果,カ、は-たす、は-てる、は-て,1,3
枝,シ、えだ,1,1
枠,わく,0,1
枢,スウ,1,0
枯,コ、か-れる、か-らす,1,2
架,カ、か-ける、か-かる,1,2
柄,ヘイ、がら、え,1,2
某,ボウ,1,0
染,セン、そ-める、そ-まる、し-みる、し-み,1,4
柔,ジュウ、ニュウ、やわ-らか、やわ-らかい,2,2
柱,チュウ、はしら,1,1
柳,リュウ、やなぎ,1,1
柵,サク,1,0
査,サ,1,0
柿,かき,0,1
栃,[とち],0,1
栄,エイ、さか-える、は-え、は-える,1,3
栓,セン,1,0
校,コウ,1,0
株,かぶ,0,1
核,カク,1,0
根,コン、ね,1,1
格,カク、[コウ],2,0
栽,サイ,1,0
桁,けた,0,1
桃,トウ、もも,1,1
案,アン,1,0
桑,ソウ、くわ,1,1
桜,オウ、さくら,1,1
桟,サン,1,0
梅,バイ、うめ,1,1
梗,コウ,1,0
梨,なし,0,1
械,カイ,1,0
棄,キ,1,0
棋,キ,1,0
棒,ボウ,1,0
棚,たな,0,1
棟,トウ、むね、[むな],1,2
森,シン、もり,1,1
棺,カン,1,0
椅,イ,1,0
植,ショク、う-える、う-わる,1,2
椎,ツイ,1,0
検,ケン,1,0
業,ギョウ、ゴウ、わざ,2,1
極,キョク、ゴク、きわ-める、きわ-まる、きわ-み,2,3
楷,カイ,1,0
楼,ロウ,1,0
楽,ガク、ラク、たの-しい、たの-しむ,2,2
概,ガイ,1,0
構,コウ、かま-える、かま-う,1,2
様,ヨウ、さま,1,1
槽,ソウ,1,0
標,ヒョウ,1,0
模,モ、ボ,2,0
権,ケン、[ゴン],2,0
横,オウ、よこ,1,1
樹,ジュ,1,0
橋,キョウ、はし,1,1
機,キ、はた,1,1
欄,ラン,1,0
欠,ケツ、か-ける、か-く,1,2
次,ジ、シ、つ-ぐ、つぎ,2,2
欧,オウ,1,0
欲,ヨク、ほっ-する、ほ-しい,1,2
欺,ギ、あざむ-く,1,1
款,カン,1,0
歌,カ、うた、うた-う,1,2
歓,カン,1,0
止,シ、と-まる、と-める,1,2
正,セイ、ショウ、ただ-しい、ただ-す、まさ,2,3
武,ブ、ム,2,0
歩,ホ、ブ、[フ]、ある-く、あゆ-む,3,2
歯,シ、は,1,1
歳,サイ、[セイ],2,0
歴,レキ,1,0
死,シ、し-ぬ,1,1
殉,ジュン,1,0
殊,シュ、こと,1,1
残,ザン、のこ-る、のこ-す,1,2
殖,ショク、ふ-える、ふ-やす,1,2
殴,オウ、なぐ-る,1,1
段,ダン,1,0
殺,サツ、[サイ]、[セツ]、ころ-す,3,1
殻,カク、から,1,1
殿,デン、テン、との、どの,2,2
毀,キ,1,0
母,ボ、はは,1,1
毎,マイ,1,0
毒,ドク,1,0
比,ヒ、くら-べる,1,1
毛,モウ、け,1,1
氏,シ、うじ,1,1
民,ミン、たみ,1,1
気,キ、ケ,2,0
水,スイ、みず,1,1
氷,ヒョウ、こおり、ひ,1,2
永,エイ、なが-い,1,1
氾,ハン,1,0
汁,ジュウ、しる,1,1
求,キュウ、もと-める,1,1
汎,ハン,1,0
汗,カン、あせ,1,1
汚,オ、けが-す、けが-れる、けが-らわしい、よご-す、よご-れる、きたな-い,1,6
江,コウ、え,1,1
池,チ、いけ,1,1
汰,タ,1,0
決,ケツ、き-める、き-まる,1,2
汽,キ,1,0
沃,ヨク,1,0
沈,チン、しず-む、しず-める,1,2
沖,チュウ、おき,1,1
沙,サ,1,0
没,ボツ,1,0
沢,タク、さわ,1,1
河,カ、かわ,1,1
沸,フツ、わ-く、わ-かす,1,2
油,ユ、あぶら,1,1
治,ジ、チ、おさ-める、おさ-まる、なお-る、なお-す,2,4
沼,ショウ、ぬま,1,1
沿,エン、そ-う,1,1
況,キョウ,1,0
泉,セン、いずみ,1,1
泊,ハク、と-まる、と-める,1,2
泌,ヒツ、ヒ,2,0
法,ホウ、[ハッ]、[ホッ],3,0
泡,ホウ、あわ,1,1
波,ハ、なみ,1,1
泣,キュウ、な-く,1,1
泥,デイ、どろ,1,1
注,チュウ、そそ-ぐ,1,1
泰,タイ,1,0
泳,エイ、およ-ぐ,1,1
洋,ヨウ,1,0
洗,セン、あら-う,1,1
洞,ドウ、ほら,1,1
津,シン、つ,1,1
洪,コウ,1,0
活,カツ,1,0
派,ハ,1,0
流,リュウ、[ル]、なが-れる、なが-す,2,2
浄,ジョウ,1,0
浅,セン、あさ-い,1,1
浜,ヒン、はま,1,1
浦,うら,0,1
浪,ロウ,1,0
浮,フ、う-く、う-かれる、う-かぶ、う-かべる,1,4
浴,ヨク、あ-びる、あ-びせる,1,2
海,カイ、うみ,1,1
浸,シン、ひた-す、ひた-る,1,2
消,ショウ、き-える、け-す,1,2
涙,ルイ、なみだ,1,1
涯,ガイ,1,0
液,エキ,1,0
涼,リョウ、すず-しい、すず-む,1,2
淑,シュク,1,0
淡,タン、あわ-い,1,1
淫,イン、みだ-ら,1,1
深,シン、ふか-い、ふか-まる、ふか-める,1,3
混,コン、ま-じる、ま-ざる、ま-ぜる、こ-む,1,4
添,テン、そ-える、そ-う,1,2
清,セイ、[ショウ]、きよ-い、きよ-まる、きよ-める,2,3
渇,カツ、かわ-く,1,1
済,サイ、す-む、す-ます,1,2
渉,ショウ,1,0
渋,ジュウ、しぶ、しぶ-い、しぶ-る,1,3
渓,ケイ,1,0
減,ゲン、へ-る、へ-らす,1,2
渡,ト、わた-る、わた-す,1,2
渦,カ、うず,1,1
温,オン、あたた-か、あたた-かい、あたた-まる、あたた-める,1,4
測,ソク、はか-る,1,1
港,コウ、みなと,1,1
湖,コ、みずうみ,1,1
湧,ユウ、わ-く,1,1
湯,トウ、ゆ,1,1
湾,ワン,1,0
湿,シツ、しめ-る、しめ-す,1,2
満,マン、み-ちる、み-たす,1,2
源,ゲン、みなもと,1,1
準,ジュン,1,0
溝,コウ、みぞ,1,1
溶,ヨウ、と-ける、と-かす、と-く,1,3
溺,デキ、おぼ-れる,1,1
滅,メツ、ほろ-びる、ほろ-ぼす,1,2
滋,ジ,1,0
滑,カツ、コツ、すべ-る、なめ-らか,2,2
滝,たき,0,1
滞,タイ、とどこお-る,1,1
滴,テキ、しずく、したた-る,1,2
漁,ギョ、リョウ,2,0
漂,ヒョウ、ただよ-う,1,1
漆,シツ、うるし,1,1
漏,ロウ、も-る、も-れる、も-らす,1,3
演,エン,1,0
漠,バク,1,0
漢,カン,1,0
漫,マン,1,0
漬,つ-ける、つ-かる,0,2
漸,ゼン,1,0
潔,ケツ、いさぎよ-い,1,1
潜,セン、ひそ-む、もぐ-る,1,2
潟,かた,0,1
潤,ジュン、うるお-う、うるお-す、うる-む,1,3
潮,チョウ、しお,1,1
潰,カイ、つぶ-す、つぶ-れる,1,2
澄,チョウ、す-む、す-ます,1,2
激,ゲキ、はげ-しい,1,1
濁,ダク、にご-る、にご-す,1,2
濃,ノウ、こ-い,1,1
濫,ラン,1,0
濯,タク,1,0
瀬,せ,0,1
火,カ、ひ、[ほ],1,2
灯,トウ、ひ,1,1
灰,カイ、はい,1,1
災,サイ、わざわ-い,1,1
炉,ロ,1,0
炊,スイ、た-く,1,1
炎,エン、ほのお,1,1
炭,タン、すみ,1,1
点,テン,1,0
為,イ,1,0
烈,レツ,1,0
無,ム、ブ、な-い,2,1
焦,ショウ、こ-げる、こ-がす、こ-がれる、あせ-る,1,4
然,ゼン、ネン,2,0
焼,ショウ、や-く、や-ける,1,2
煎,セン、い-る,1,1
煙,エン、けむ-る、けむり、けむ-い,1,3
照,ショウ、て-る、て-らす、て-れる,1,3
煩,ハン、[ボン]、わずら-う、わずら-わす,2,2
煮,シャ、に-る、に-える、に-やす,1,3
熊,くま,0,1
熟,ジュク、う-れる,1,1
熱,ネツ、あつ-い,1,1
燃,ネン、も-える、も-やす、も-す,1,3
燥,ソウ,1,0
爆,バク,1,0
爪,つめ、[つま],0,2
爵,シャク,1,0
父,フ、ちち,1,1
爽,ソウ、さわ-やか,1,1
片,ヘン、かた,1,1
版,ハン,1,0
牙,ガ、[ゲ]、きば,2,1
牛,ギュウ、うし,1,1
牧,ボク、まき,1,1
物,ブツ、モツ、もの,2,1
牲,セイ,1,0
特,トク,1,0
犠,ギ,1,0
犬,ケン、いぬ,1,1
犯,ハン、おか-す,1,1
状,ジョウ,1,0
狂,キョウ、くる-う、くる-おしい,1,2
狙,ソ、ねら-う,1,1
狩,シュ、か-る、か-り,1,2
独,ドク、ひと-り,1,1
狭,キョウ、せま-い、せば-める、せば-まる,1,3
猛,モウ,1,0
猟,リョウ,1,0
猫,ビョウ、ねこ,1,1
献,ケン、[コン],2,0
猶,ユウ,1,0
猿,エン、さる,1,1
獄,ゴク,1,0
獣,ジュウ、けもの,1,1
獲,カク、え-る,1,1
玄,ゲン,1,0
率,ソツ、リツ、ひき-いる,2,1
玉,ギョク、たま,1,1
王,オウ,1,0
玩,ガン,1,0
珍,チン、めずら-しい,1,1
珠,シュ,1,0
班,ハン,1,0
現,ゲン、あらわ-れる、あらわ-す,1,2
球,キュウ、たま,1,1
理,リ,1,0
琴,キン、こと,1,1
瑠,ル,1,0
璃,リ,1,0
璧,ヘキ,1,0
環,カン,1,0
璽,ジ,1,0
瓦,ガ、かわら,1,1
瓶,ビン,1,0
甘,カン、あま-い、あま-える、あま-やかす,1,3
甚,ジン、はなは-だ、はなは-だしい,1,2
生,セイ、ショウ、い-きる、い-かす、い-ける、う-まれる、う-む、お-う、は-える、は-やす、き、なま,2,10
産,サン、う-む、う-まれる、うぶ,1,3
用,ヨウ、もち-いる,1,1
田,デン、た,1,1
由,ユ、ユウ、[ユイ]、よし,3,1
甲,コウ、カン,2,0
申,シン、もう-す,1,1
男,ダン、ナン、おとこ,2,1
町,チョウ、まち,1,1
画,ガ、カク,2,0
界,カイ,1,0
畏,イ、おそ-れる,1,1
畑,はた、はたけ,0,2
畔,ハン,1,0
留,リュウ、[ル]、と-める、と-まる,2,2
畜,チク,1,0
畝,うね,0,1
略,リャク,1,0
番,バン,1,0
異,イ、こと,1,1
畳,ジョウ、たた-む、たたみ,1,2
畿,キ,1,0
疎,ソ、うと-い、うと-む,1,2
疑,ギ、うたが-う,1,1
疫,エキ、[ヤク],2,0
疲,ヒ、つか-れる,1,1
疾,シツ,1,0
病,ビョウ、[ヘイ]、や-む、やまい,2,2
症,ショウ,1,0
痕,コン、あと,1,1
痘,トウ,1,0
痛,ツウ、いた-い、いた-む、いた-める,1,3
痢,リ,1,0
痩,ソウ、や-せる,1,1
痴,チ,1,0
瘍,ヨウ,1,0
療,リョウ,1,0
癒,ユ、い-える、い-やす,1,2
癖,ヘキ、くせ,1,1
発,ハツ、ホツ,2,0
登,トウ、ト、のぼ-る,2,1
白,ハク、ビャク、しろ、[しら]、しろ-い,2,3
百,ヒャク,1,0
的,テキ、まと,1,1
皆,カイ、みな,1,1
皇,コウ、オウ,2,0
皮,ヒ、かわ,1,1
皿,さら,0,1
盆,ボン,1,0
益,エキ、[ヤク],2,0
盗,トウ、ぬす-む,1,1
盛,セイ、[ジョウ]、も-る、さか-る、さか-ん,2,3
盟,メイ,1,0
監,カン,1,0
盤,バン,1,0
目,モク、[ボク]、め、[ま],2,2
盲,モウ,1,0
直,チョク、ジキ、ただ-ちに、なお-す、なお-る,2,3
相,ソウ、ショウ、あい,2,1
盾,ジュン、たて,1,1
省,セイ、ショウ、かえり-みる、はぶ-く,2,2
眉,ビ、[ミ]、まゆ,2,1
看,カン,1,0
県,ケン,1,0
真,シン、ま,1,1
眠,ミン、ねむ-る、ねむ-い,1,2
眺,チョウ、なが-める,1,1
眼,ガン、[ゲン]、まなこ,2,1
着,チャク、[ジャク]、き-る、き-せる、つ-く、つ-ける,2,4
睡,スイ,1,0
督,トク,1,0
睦,ボク,1,0
瞬,シュン、またた-く,1,1
瞭,リョウ,1,0
瞳,ドウ、ひとみ,1,1
矛,ム、ほこ,1,1
矢,シ、や,1,1
知,チ、し-る,1,1
短,タン、みじか-い,1,1
矯,キョウ、た-める,1,1
石,セキ、[シャク]、[コク]、いし,3,1
砂,サ、シャ、すな,2,1
研,ケン、と-ぐ,1,1
砕,サイ、くだ-く、くだ-ける,1,2
砲,ホウ,1,0
破,ハ、やぶ-る、やぶ-れる,1,2
硝,ショウ,1,0
硫,リュウ,1,0
硬,コウ、かた-い,1,1
碁,ゴ,1,0
碑,ヒ,1,0
確,カク、たし-か、たし-かめる,1,2
磁,ジ,1,0
磨,マ、みが-く,1,1
礁,ショウ,1,0
礎,ソ、いしずえ,1,1
示,ジ、シ、しめ-す,2,1
礼,レイ、ライ,2,0
社,シャ、やしろ,1,1
祈,キ、いの-る,1,1
祉,シ,1,0
祖,ソ,1,0
祝,シュク、[シュウ]、いわ-う,2,1
神,シン、ジン、かみ、[かん]、[こう],2,3
祥,ショウ,1,0
票,ヒョウ,1,0
祭,サイ、まつ-る、まつ-り,1,2
禁,キン,1,0
禅,ゼン,1,0
禍,カ,1,0
福,フク,1,0
秀,シュウ、ひい-でる,1,1
私,シ、わたくし、わたし,1,2
秋,シュウ、あき,1,1
科,カ,1,0
秒,ビョウ,1,0
秘,ヒ、ひ-める,1,1
租,ソ,1,0
秩,チツ,1,0
称,ショウ,1,0
移,イ、うつ-る、うつ-す,1,2
程,テイ、ほど,1,1
税,ゼイ,1,0
稚,チ,1,0
種,シュ、たね,1,1
稲,トウ、いね、[いな],1,2
稼,カ、かせ-ぐ,1,1
稽,ケイ,1,0
稿,コウ,1,0
穀,コク,1,0
穂,スイ、ほ,1,1
積,セキ、つ-む、つ-もる,1,2
穏,オン、おだ-やか,1,1
穫,カク,1,0
穴,ケツ、あな,1,1
究,キュウ、きわ-める,1,1
空,クウ、そら、あ-く、あ-ける、から,1,4
突,トツ、つ-く,1,1
窃,セツ,1,0
窒,チツ,1,0
窓,ソウ、まど,1,1
窟,クツ,1,0
窮,キュウ、きわ-める、きわ-まる,1,2
窯,ヨウ、かま,1,1
立,リツ、[リュウ]、た-つ、た-てる,2,2
竜,リュウ、たつ,1,1
章,ショウ,1,0
童,ドウ、わらべ,1,1
端,タン、はし、は、はた,1,3
競,キョウ、ケイ、きそ-う、せ-る,2,2
竹,チク、たけ,1,1
笑,ショウ、わら-う、え-む,1,2
笛,テキ、ふえ,1,1
符,フ,1,0
第,ダイ,1,0
筆,ヒツ、ふで,1,1
等,トウ、ひと-しい,1,1
筋,キン、すじ,1,1
筒,トウ、つつ,1,1
答,トウ、こた-える、こた-え,1,2
策,サク,1,0
箇,カ,1,0
箋,セン,1,0
算,サン,1,0
管,カン、くだ,1,1
箱,はこ,0,1
箸,はし,0,1
節,セツ、[セチ]、ふし,2,1
範,ハン,1,0
築,チク、きず-く,1,1
篤,トク,1,0
簡,カン,1,0
簿,ボ,1,0
籍,セキ,1,0
籠,ロウ、かご、こ-もる,1,2
米,ベイ、マイ、こめ,2,1
粉,フン、こ、こな,1,2
粋,スイ、いき,1,1
粒,リュウ、つぶ,1,1
粗,ソ、あら-い,1,1
粘,ネン、ねば-る,1,1
粛,シュク,1,0
粧,ショウ,1,0
精,セイ、[ショウ],2,0
糖,トウ,1,0
糧,リョウ、[ロウ]、かて,2,1
糸,シ、いと,1,1
系,ケイ,1,0
糾,キュウ,1,0
紀,キ,1,0
約,ヤク,1,0
紅,コウ、[ク]、べに、くれない,2,2
紋,モン,1,0
納,ノウ、[ナッ]、[ナ]、[ナン]、[トウ]、おさ-める、おさ-まる,5,2
純,ジュン,1,0
紙,シ、かみ,1,1
級,キュウ,1,0
紛,フン、まぎ-れる、まぎ-らす、まぎ-らわす、まぎ-らわしい,1,4
素,ソ、ス,2,0
紡,ボウ、つむ-ぐ,1,1
索,サク,1,0
紫,シ、むらさき,1,1
累,ルイ,1,0
細,サイ、ほそ-い、ほそ-る、こま-か、こま-かい,1,4
紳,シン,1,0
紹,ショウ,1,0
紺,コン,1,0
終,シュウ、お-わる、お-える,1,2
組,ソ、く-む、くみ,1,2
経,ケイ、キョウ、へ-る,2,1
結,ケツ、むす-ぶ、ゆ-う、ゆ-わえる,1,3
絞,コウ、しぼ-る、し-める、し-まる,1,3
絡,ラク、から-む、から-まる、から-める,1,3
給,キュウ,1,0
統,トウ、す-べる,1,1
絵,カイ、エ,2,0
絶,ゼツ、た-える、た-やす、た-つ,1,3
絹,ケン、きぬ,1,1
継,ケイ、つ-ぐ,1,1
続,ゾク、つづ-く、つづ-ける,1,2
維,イ,1,0
綱,コウ、つな,1,1
網,モウ、あみ,1,1
綻,タン、ほころ-びる,1,1
綿,メン、わた,1,1
緊,キン,1,0
総,ソウ,1,0
緑,リョク、[ロク]、みどり,2,1
緒,ショ、[チョ]、お,2,1
線,セン,1,0
締,テイ、し-まる、し-める,1,2
編,ヘン、あ-む,1,1
緩,カン、ゆる-い、ゆる-やか、ゆる-む、ゆる-める,1,4
緯,イ,1,0
練,レン、ね-る,1,1
緻,チ,1,0
縁,エン、ふち,1,1
縄,ジョウ、なわ,1,1
縛,バク、しば-る,1,1
縦,ジュウ、たて,1,1
縫,ホウ、ぬ-う,1,1
縮,シュク、ちぢ-む、ちぢ-まる、ちぢ-める、ちぢ-れる、ちぢ-らす,1,5
績,セキ,1,0
繁,ハン,1,0
繊,セン,1,0
織,ショク、シキ、お-る,2,1
繕,ゼン、つくろ-う,1,1
繭,ケン、まゆ,1,1
繰,く-る,0,1
缶,カン,1,0
罪,ザイ、つみ,1,1
置,チ、お-く,1,1
罰,バツ、バチ,2,0
署,ショ,1,0
罵,バ、ののし-る,1,1
罷,ヒ,1,0
羅,ラ,1,0
羊,ヨウ、ひつじ,1,1
美,ビ、うつく-しい,1,1
羞,シュウ,1,0
群,グン、む-れる、む-れ、[むら],1,3
羨,セン、うらや-む、うらや-ましい,1,2
義,ギ,1,0
羽,ウ、は、はね,1,2
翁,オウ,1,0
翌,ヨク,1,0
習,シュウ、なら-う,1,1
翻,ホン、ひるがえ-る、ひるがえ-す,1,2
翼,ヨク、つばさ,1,1
老,ロウ、お-いる、ふ-ける,1,2
考,コウ、かんが-える,1,1
者,シャ、もの,1,1
耐,タイ、た-える,1,1
耕,コウ、たがや-す,1,1
耗,モウ、[コウ],2,0
耳,ジ、みみ,1,1
聖,セイ,1,0
聞,ブン、モン、き-く、き-こえる,2,2
聴,チョウ、き-く,1,1
職,ショク,1,0
肉,ニク,1,0
肌,はだ,0,1
肖,ショウ,1,0
肘,ひじ,0,1
肝,カン、きも,1,1
股,コ、また,1,1
肢,シ,1,0
肥,ヒ、こ-える、こえ、こ-やす、こ-やし,1,4
肩,ケン、かた,1,1
肪,ボウ,1,0
肯,コウ,1,0
育,イク、そだ-つ、そだ-てる、はぐく-む,1,3
肺,ハイ,1,0
胃,イ,1,0
胆,タン,1,0
背,ハイ、せ、せい、そむ-く、そむ-ける,1,4
胎,タイ,1,0
胞,ホウ,1,0
胴,ドウ,1,0
胸,キョウ、むね、[むな],1,2
能,ノウ,1,0
脂,シ、あぶら,1,1
脅,キョウ、おびや-かす、おど-す、おど-かす,1,3
脇,わき,0,1
脈,ミャク,1,0
脊,セキ,1,0
脚,キャク、[キャ]、あし,2,1
脱,ダツ、ぬ-ぐ、ぬ-げる,1,2
脳,ノウ,1,0
腎,ジン,1,0
腐,フ、くさ-る、くさ-れる、くさ-らす,1,3
腕,ワン、うで,1,1
腫,シュ、は-れる、は-らす,1,2
腰,ヨウ、こし,1,1
腸,チョウ,1,0
腹,フク、はら,1,1
腺,セン,1,0
膚,フ,1,0
膜,マク,1,0
膝,ひざ,0,1
膨,ボウ、ふく-らむ、ふく-れる,1,2
膳,ゼン,1,0
臆,オク,1,0
臓,ゾウ,1,0
臣,シン、ジン,2,0
臨,リン、のぞ-む,1,1
自,ジ、シ、みずか-ら,2,1
臭,シュウ、くさ-い、にお-う,1,2
至,シ、いた-る,1,1
致,チ、いた-す,1,1
臼,キュウ、うす,1,1
興,コウ、キョウ、おこ-る、おこ-す,2,2
舌,ゼツ、した,1,1
舎,シャ,1,0
舗,ホ,1,0
舞,ブ、ま-う、まい,1,2
舟,シュウ、ふね、[ふな],1,2
航,コウ,1,0
般,ハン,1,0
舶,ハク,1,0
舷,ゲン,1,0
船,セン、ふね、[ふな],1,2
艇,テイ,1,0
艦,カン,1,0
良,リョウ、よ-い,1,1
色,ショク、シキ、いろ,2,1
艶,エン、つや,1,1
芋,いも,0,1
芝,しば,0,1
芯,シン,1,0
花,カ、はな,1,1
芳,ホウ、かんば-しい,1,1
芸,ゲイ,1,0
芽,ガ、め,1,1
苗,ビョウ、なえ、[なわ],1,2
苛,カ,1,0
若,ジャク、[ニャク]、わか-い、も-しくは,2,2
苦,ク、くる-しい、くる-しむ、くる-しめる、にが-い、にが-る,1,5
英,エイ,1,0
茂,モ、しげ-る,1,1
茎,ケイ、くき,1,1
茨,[いばら],0,1
茶,チャ、サ,2,0
草,ソウ、くさ,1,1
荒,コウ、あら-い、あ-れる、あ-らす,1,3
荘,ソウ,1,0
荷,カ、に,1,1
菊,キク,1,0
菌,キン,1,0
菓,カ,1,0
菜,サイ、な,1,1
華,カ、[ケ]、はな,2,1
萎,イ、な-える,1,1
落,ラク、お-ちる、お-とす,1,2
葉,ヨウ、は,1,1
著,チョ、あらわ-す、いちじる-しい,1,2
葛,カツ、くず,1,1
葬,ソウ、ほうむ-る,1,1
蒸,ジョウ、む-す、む-れる、む-らす,1,3
蓄,チク、たくわ-える,1,1
蓋,ガイ、ふた,1,1
蔑,ベツ、さげす-む,1,1
蔵,ゾウ、くら,1,1
蔽,ヘイ,1,0
薄,ハク、うす-い、うす-める、うす-まる、うす-らぐ、うす-れる,1,5
薦,セン、すす-める,1,1
薪,シン、たきぎ,1,1
薫,クン、かお-る,1,1
薬,ヤク、くすり,1,1
藍,ラン、あい,1,1
藤,トウ、ふじ,1,1
藩,ハン,1,0
藻,ソウ、も,1,1
虎,コ、とら,1,1
虐,ギャク、しいた-げる,1,1
虚,キョ、[コ],2,0
虜,リョ,1,0
虞,おそれ,0,1
虫,チュウ、むし,1,1
虹,にじ,0,1
蚊,か,0,1
蚕,サン、かいこ,1,1
蛇,ジャ、ダ、へび,2,1
蛍,ケイ、ほたる,1,1
蛮,バン,1,0
蜂,ホウ、はち,1,1
蜜,ミツ,1,0
融,ユウ,1,0
血,ケツ、ち,1,1
衆,シュウ、[シュ],2,0
行,コウ、ギョウ、[アン]、い-く、ゆ-く、おこな-う,3,3
術,ジュツ,1,0
街,ガイ、[カイ]、まち,2,1
衛,エイ,1,0
衝,ショウ,1,0
衡,コウ,1,0
衣,イ、ころも,1,1
表,ヒョウ、おもて、あらわ-す、あらわ-れる,1,3
衰,スイ、おとろ-える,1,1
衷,チュウ,1,0
袋,タイ、ふくろ,1,1
袖,シュウ、そで,1,1
被,ヒ、こうむ-る,1,1
裁,サイ、た-つ、さば-く,1,2
裂,レツ、さ-く、さ-ける,1,2
装,ソウ、ショウ、よそお-う,2,1
裏,リ、うら,1,1
裕,ユウ,1,0
補,ホ、おぎな-う,1,1
裸,ラ、はだか,1,1
製,セイ,1,0
裾,すそ,0,1
複,フク,1,0
褐,カツ,1,0
褒,ホウ、ほ-める,1,1
襟,キン、えり,1,1
襲,シュウ、おそ-う,1,1
西,セイ、サイ、にし,2,1
要,ヨウ、かなめ、い-る,1,2
覆,フク、おお-う、くつがえ-す、くつがえ-る,1,3
覇,ハ,1,0
見,ケン、み-る、み-える、み-せる,1,3
規,キ,1,0
視,シ,1,0
覚,カク、おぼ-える、さ-ます、さ-める,1,3
覧,ラン,1,0
親,シン、おや、した-しい、した-しむ,1,3
観,カン,1,0
角,カク、かど、つの,1,2
解,カイ、ゲ、と-く、と-かす、と-ける,2,3
触,ショク、ふ-れる、さわ-る,1,2
言,ゲン、ゴン、い-う、こと,2,2
訂,テイ,1,0
訃,フ,1,0
計,ケイ、はか-る、はか-らう,1,2
討,トウ、う-つ,1,1
訓,クン,1,0
託,タク,1,0
記,キ、しる-す,1,1
訟,ショウ,1,0
訪,ホウ、おとず-れる、たず-ねる,1,2
設,セツ、もう-ける,1,1
許,キョ、ゆる-す,1,1
訳,ヤク、わけ,1,1
訴,ソ、うった-える,1,1
診,シン、み-る,1,1
証,ショウ,1,0
詐,サ,1,0
詔,ショウ、みことのり,1,1
評,ヒョウ,1,0
詞,シ,1,0
詠,エイ、よ-む,1,1
詣,ケイ、もう-でる,1,1
試,シ、こころ-みる、ため-す,1,2
詩,シ,1,0
詮,セン,1,0
詰,キツ、つ-める、つ-まる、つ-む,1,3
話,ワ、はな-す、はなし,1,2
該,ガイ,1,0
詳,ショウ、くわ-しい,1,1
誇,コ、ほこ-る,1,1
誉,ヨ、ほま-れ,1,1
誌,シ,1,0
認,ニン、みと-める,1,1
誓,セイ、ちか-う,1,1
誕,タン,1,0
誘,ユウ、さそ-う,1,1
語,ゴ、かた-る、かた-らう,1,2
誠,セイ、まこと,1,1
誤,ゴ、あやま-る,1,1
説,セツ、[ゼイ]、と-く,2,1
読,ドク、トク、[トウ]、よ-む,3,1
誰,だれ,0,1
課,カ,1,0
調,チョウ、しら-べる、ととの-う、ととの-える,1,3
談,ダン,1,0
請,セイ、[シン]、こ-う、う-ける,2,2
論,ロン,1,0
諦,テイ、あきら-める,1,1
諧,カイ,1,0
諭,ユ、さと-す,1,1
諮,シ、はか-る,1,1
諸,ショ,1,0
諾,ダク,1,0
謀,ボウ、[ム]、はか-る,2,1
謁,エツ,1,0
謄,トウ,1,0
謎,なぞ,0,1
謙,ケン,1,0
講,コウ,1,0
謝,シャ、あやま-る,1,1
謡,ヨウ、うたい、うた-う,1,2
謹,キン、つつし-む,1,1
識,シキ,1,0
譜,フ,1,0
警,ケイ,1,0
議,ギ,1,0
譲,ジョウ、ゆず-る,1,1
護,ゴ,1,0
谷,コク、たに,1,1
豆,トウ、[ズ]、まめ,2,1
豊,ホウ、ゆた-か,1,1
豚,トン、ぶた,1,1
象,ショウ、ゾウ,2,0
豪,ゴウ,1,0
貌,ボウ,1,0
貝,かい,0,1
貞,テイ,1,0
負,フ、ま-ける、ま-かす、お-う,1,3
財,ザイ、[サイ],2,0
貢,コウ、[ク]、みつ-ぐ,2,1
貧,ヒン、ビン、まず-しい,2,1
貨,カ,1,0
販,ハン,1,0
貪,ドン、むさぼ-る,1,1
貫,カン、つらぬ-く,1,1
責,セキ、せ-める,1,1
貯,チョ,1,0
貴,キ、たっと-い、とうと-い、たっと-ぶ、とうと-ぶ,1,4
買,バイ、か-う,1,1
貸,タイ、か-す,1,1
費,ヒ、つい-やす、つい-える,1,2
貼,チョウ、は-る,1,1
貿,ボウ,1,0
賀,ガ,1,0
賂,ロ,1,0
賃,チン,1,0
賄,ワイ、まかな-う,1,1
資,シ,1,0
賊,ゾク,1,0
賓,ヒン,1,0
賛,サン,1,0
賜,シ、たまわ-る,1,1
賞,ショウ,1,0
賠,バイ,1,0
賢,ケン、かしこ-い,1,1
賦,フ,1,0
質,シツ、シチ、[チ],3,0
賭,ト、か-ける,1,1
購,コウ,1,0
贈,ゾウ、[ソウ]、おく-る,2,1
赤,セキ、[シャク]、あか、あか-い、あか-らむ、あか-らめる,2,4
赦,シャ,1,0
走,ソウ、はし-る,1,1
赴,フ、おもむ-く,1,1
起,キ、お-きる、お-こる、お-こす,1,3
超,チョウ、こ-える、こ-す,1,2
越,エツ、こ-す、こ-える,1,2
趣,シュ、おもむき,1,1
足,ソク、あし、た-りる、た-る、た-す,1,4
距,キョ,1,0
跡,セキ、あと,1,1
路,ロ、じ,1,1
跳,チョウ、は-ねる、と-ぶ,1,2
践,セン,1,0
踊,ヨウ、おど-る、おど-り,1,2
踏,トウ、ふ-む、ふ-まえる,1,2
踪,ソウ,1,0
蹴,シュウ、け-る,1,1
躍,ヤク、おど-る,1,1
身,シン、み,1,1
車,シャ、くるま,1,1
軌,キ,1,0
軍,グン,1,0
軒,ケン、のき,1,1
軟,ナン、やわ-らか、やわ-らかい,1,2
転,テン、ころ-がる、ころ-げる、ころ-がす、ころ-ぶ,1,4
軸,ジク,1,0
軽,ケイ、かる-い、かろ-やか,1,2
較,カク,1,0
載,サイ、の-せる、の-る,1,2
輝,キ、かがや-く,1,1
輩,ハイ,1,0
輪,リン、わ,1,1
輸,ユ,1,0
轄,カツ,1,0
辛,シン、から-い,1,1
辞,ジ、や-める,1,1
辣,ラツ,1,0
辱,ジョク、はずかし-める,1,1
農,ノウ,1,0
辺,ヘン、あた-り、べ,1,2
込,こ-む、こ-める,0,2
迅,ジン,1,0
迎,ゲイ、むか-える,1,1
近,キン、ちか-い,1,1
返,ヘン、かえ-す、かえ-る,1,2
迫,ハク、せま-る,1,1
迭,テツ,1,0
述,ジュツ、の-べる,1,1
迷,メイ、まよ-う,1,1
追,ツイ、お-う,1,1
退,タイ、しりぞ-く、しりぞ-ける,1,2
送,ソウ、おく-る,1,1
逃,トウ、に-げる、に-がす、のが-す、のが-れる,1,4
逆,ギャク、さか、さか-らう,1,2
透,トウ、す-く、す-かす、す-ける,1,3
逐,チク,1,0
逓,テイ,1,0
途,ト,1,0
通,ツウ、[ツ]、とお-る、とお-す、かよ-う,2,3
逝,セイ、ゆ-く、い-く,1,2
速,ソク、はや-い、はや-める、はや-まる、すみ-やか,1,4
造,ゾウ、つく-る,1,1
連,レン、つら-なる、つら-ねる、つ-れる,1,3
逮,タイ,1,0
週,シュウ,1,0
進,シン、すす-む、すす-める,1,2
逸,イツ,1,0
遂,スイ、と-げる,1,1
遅,チ、おく-れる、おく-らす、おそ-い,1,3
遇,グウ,1,0
遊,ユウ、[ユ]、あそ-ぶ,2,1
運,ウン、はこ-ぶ,1,1
遍,ヘン,1,0
過,カ、す-ぎる、す-ごす、あやま-つ、あやま-ち,1,4
道,ドウ、[トウ]、みち,2,1
達,タツ,1,0
違,イ、ちが-う、ちが-える,1,2
遜,ソン,1,0
遠,エン、[オン]、とお-い,2,1
遡,ソ、さかのぼ-る,1,1
遣,ケン、つか-う、つか-わす,1,2
適,テキ,1,0
遭,ソウ、あ-う,1,1
遮,シャ、さえぎ-る,1,1
遵,ジュン,1,0
遷,セン,1,0
選,セン、えら-ぶ,1,1
遺,イ、[ユイ],2,0
避,ヒ、さ-ける,1,1
還,カン,1,0
那,ナ,1,0
邦,ホウ,1,0
邪,ジャ,1,0
邸,テイ,1,0
郊,コウ,1,0
郎,ロウ,1,0
郡,グン,1,0
部,ブ,1,0
郭,カク,1,0
郵,ユウ,1,0
郷,キョウ、ゴウ,2,0
都,ト、ツ、みやこ,2,1
酌,シャク、く-む,1,1
配,ハイ、くば-る,1,1
酎,チュウ,1,0
酒,シュ、さけ、[さか],1,2
酔,スイ、よ-う,1,1
酢,サク、す,1,1
酪,ラク,1,0
酬,シュウ,1,0
酵,コウ,1,0
酷,コク,1,0
酸,サン、す-い,1,1
醒,セイ,1,0
醜,シュウ、みにく-い,1,1
醸,ジョウ、かも-す,1,1
采,サイ,1,0
釈,シャク,1,0
里,リ、さと,1,1
重,ジュウ、チョウ、え、おも-い、かさ-ねる、かさ-なる,2,4
野,ヤ、の,1,1
量,リョウ、はか-る,1,1
金,キン、コン、かね、[かな],2,2
釜,かま,0,1
針,シン、はり,1,1
釣,チョウ、つ-る,1,1
鈍,ドン、にぶ-い、にぶ-る,1,2
鈴,レイ、リン、すず,2,1
鉄,テツ,1,0
鉛,エン、なまり,1,1
鉢,ハチ、[ハツ],2,0
鉱,コウ,1,0
銀,ギン,1,0
銃,ジュウ,1,0
銅,ドウ,1,0
銘,メイ,1,0
銭,セン、ぜに,1,1
鋭,エイ、するど-い,1,1
鋳,チュウ、い-る,1,1
鋼,コウ、はがね,1,1
錠,ジョウ,1,0
錦,キン、にしき,1,1
錬,レン,1,0
錮,コ,1,0
錯,サク,1,0
録,ロク,1,0
鍋,なべ,0,1
鍛,タン、きた-える,1,1
鍵,ケン、かぎ,1,1
鎌,かま,0,1
鎖,サ、くさり,1,1
鎮,チン、しず-める、しず-まる,1,2
鏡,キョウ、かがみ,1,1
鐘,ショウ、かね,1,1
鑑,カン、かんが-みる,1,1
長,チョウ、なが-い,1,1
門,モン、かど,1,1
閉,ヘイ、と-じる、と-ざす、し-める、し-まる,1,4
開,カイ、ひら-く、ひら-ける、あ-く、あ-ける,1,4
閑,カン,1,0
間,カン、ケン、あいだ、ま,2,2
関,カン、せき、かか-わる,1,2
閣,カク,1,0
閥,バツ,1,0
閲,エツ,1,0
闇,やみ,0,1
闘,トウ、たたか-う,1,1
阜,[フ],1,0
阪,ハン,1,0
防,ボウ、ふせ-ぐ,1,1
阻,ソ、はば-む,1,1
附,フ,1,0
降,コウ、お-りる、お-ろす、ふ-る,1,3
限,ゲン、かぎ-る,1,1
陛,ヘイ,1,0
院,イン,1,0
陣,ジン,1,0
除,ジョ、[ジ]、のぞ-く,2,1
陥,カン、おちい-る、おとしい-れる,1,2
陪,バイ,1,0
陰,イン、かげ、かげ-る,1,2
陳,チン,1,0
陵,リョウ、みささぎ,1,1
陶,トウ,1,0
陸,リク,1,0
険,ケン、けわ-しい,1,1
陽,ヨウ,1,0
隅,グウ、すみ,1,1
隆,リュウ,1,0
隊,タイ,1,0
階,カイ,1,0
随,ズイ,1,0
隔,カク、へだ-てる、へだ-たる,1,2
隙,ゲキ、すき,1,1
際,サイ、きわ,1,1
障,ショウ、さわ-る,1,1
隠,イン、かく-す、かく-れる,1,2
隣,リン、とな-る、となり,1,2
隷,レイ,1,0
隻,セキ,1,0
雄,ユウ、お、おす,1,2
雅,ガ,1,0
集,シュウ、あつ-まる、あつ-める、つど-う,1,3
雇,コ、やと-う,1,1
雌,シ、め、めす,1,2
雑,ザツ、ゾウ,2,0
離,リ、はな-れる、はな-す,1,2
難,ナン、かた-い、むずか-しい,1,2
雨,ウ、あめ、[あま],1,2
雪,セツ、ゆき,1,1
雰,フン,1,0
雲,ウン、くも,1,1
零,レイ,1,0
雷,ライ、かみなり,1,1
電,デン,1,0
需,ジュ,1,0
震,シン、ふる-う、ふる-える,1,2
霊,レイ、リョウ、たま,2,1
霜,ソウ、しも,1,1
霧,ム、きり,1,1
露,ロ、[ロウ]、つゆ,2,1
青,セイ、[ショウ]、あお、あお-い,2,2
静,セイ、[ジョウ]、しず、しず-か、しず-まる、しず-める,2,4
非,ヒ,1,0
面,メン、おも、おもて、つら,1,3
革,カク、かわ,1,1
靴,カ、くつ,1,1
韓,カン,1,0
音,オン、イン、おと、ね,2,2
韻,イン,1,0
響,キョウ、ひび-く,1,1
頂,チョウ、いただ-く、いただき,1,2
頃,ころ,0,1
項,コウ,1,0
順,ジュン,1,0
須,ス,1,0
預,ヨ、あず-ける、あず-かる,1,2
頑,ガン,1,0
頒,ハン,1,0
頓,トン,1,0
領,リョウ,1,0
頬,ほお,1,0
頭,トウ、ズ、[ト]、あたま、かしら,3,2
頻,ヒン,1,0
頼,ライ、たの-む、たの-もしい、たよ-る,1,3
題,ダイ,1,0
額,ガク、ひたい,1,1
顎,ガク、あご,1,1
顔,ガン、かお,1,1
顕,ケン,1,0
願,ガン、ねが-う,1,1
類,ルイ、たぐ-い,1,1
顧,コ、かえり-みる,1,1
風,フウ、[フ]、かぜ、[かざ],2,2
飛,ヒ、と-ぶ、と-ばす,1,2
食,ショク、[ジキ]、く-う、く-らう、た-べる,2,3
飢,キ、う-える,1,1
飯,ハン、めし,1,1
飲,イン、の-む,1,1
飼,シ、か-う,1,1
飽,ホウ、あ-きる、あ-かす,1,2
飾,ショク、かざ-る,1,1
餅,ヘイ、もち,1,1
養,ヨウ、やしな-う,1,1
餌,ジ、えさ、え,1,2
餓,ガ,1,0
館,カン、やかた,1,1
首,シュ、くび,1,1
香,コウ、[キョウ]、か、かお-り、かお-る,2,3
馬,バ、うま、[ま],1,2
駄,ダ,1,0
駅,エキ,1,0
駆,ク、か-ける、か-る,1,2
駐,チュウ,1,0
駒,こま,0,1
騎,キ,1,0
騒,ソウ、さわ-ぐ,1,1
験,ケン、[ゲン],2,0
騰,トウ,1,0
驚,キョウ、おどろ-く、おどろ-かす,1,2
骨,コツ、ほね,1,1
骸,ガイ,1,0
髄,ズイ,1,0
高,コウ、たか-い、たか、たか-まる、たか-める,1,4
髪,ハツ、かみ,1,1
鬱,ウツ,1,0
鬼,キ、おに,1,1
魂,コン、たましい,1,1
魅,ミ,1,0
魔,マ,1,0
魚,ギョ、うお、さかな,1,2
鮮,セン、あざ-やか,1,1
鯨,ゲイ、くじら,1,1
鳥,チョウ、とり,1,1
鳴,メイ、な-く、な-る、な-らす,1,3
鶏,ケイ、にわとり,1,1
鶴,つる,1,0
鹿,しか、[か],0,2
麓,ロク、ふもと,1,1
麗,レイ、うるわ-しい,1,1
麦,バク、むぎ,1,1
麺,メン,1,0
麻,マ、あさ,1,1
黄,コウ、オウ、き、[こ],2,2
黒,コク、くろ、くろ-い,1,2
黙,モク、だま-る,1,1
鼓,コ、つづみ,1,1
鼻,ビ、はな,1,1
齢,レイ,1,0